,Unnamed: 0.1,Unnamed: 0,rho,alpha_topo,alpha_feat,silhouette
0,0,0,550,0.0,0.0,0.6997433560315517
1,1,1,550,0.0,0.05,0.6691090765660247
2,2,2,550,0.0,0.1,0.6177796490256195
3,3,3,550,0.0,0.15,0.5644066377029952
4,4,4,550,0.0,0.2,0.5152266521276662
5,5,5,550,0.0,0.25,0.4722386021544202
6,6,6,550,0.0,0.3,0.4355853066678226
7,7,7,550,0.0,0.35,0.4046957585654532
8,8,8,550,0.0,0.4,0.3788606471145878
9,9,9,550,0.0,0.45,0.3572534012725726
10,10,10,550,0.0,0.5,0.3391051459022398
11,11,11,550,0.0,0.55,0.3237629898425481
12,12,12,550,0.0,0.6,0.3106225117983694
13,13,13,550,0.0,0.65,0.2993903968385746
14,14,14,550,0.0,0.7,0.2897702907601903
15,15,15,550,0.0,0.75,0.2814189273082082
16,16,16,550,0.0,0.8,0.2741649629166527
17,17,17,550,0.0,0.85,0.2678422679505428
18,18,18,550,0.0,0.9,0.2622996563670777
19,19,19,550,0.0,0.95,0.2574158940269607
20,20,20,550,0.0,1.0,0.2530845589200641
21,21,21,550,0.05,0.0,0.7058494535988442
22,22,22,550,0.05,0.05,0.675623677345114
23,23,23,550,0.05,0.1,0.6248306519323329
24,24,24,550,0.05,0.15,0.5718303806641728
25,25,25,550,0.05,0.2,0.52279676031716
26,26,26,550,0.05,0.25,0.4798139487122196
27,27,27,550,0.05,0.3,0.443048554781956
28,28,28,550,0.05,0.35,0.4119824885398249
29,29,29,550,0.05,0.4,0.385935039695458
30,30,30,550,0.05,0.45,0.3641016143743298
31,31,31,550,0.05,0.5,0.3457343040326444
32,32,32,550,0.05,0.55,0.3302072953932617
33,33,33,550,0.05,0.6,0.3169072308607573
34,34,34,550,0.05,0.65,0.3055152518874506
35,35,35,550,0.05,0.7,0.2957283542836522
36,36,36,550,0.05,0.75,0.2872666883661185
37,37,37,550,0.05,0.8,0.2798838704012105
38,38,38,550,0.05,0.85,0.2734485955662124
39,39,39,550,0.05,0.9,0.2678038165615198
40,40,40,550,0.05,0.95,0.262806891212974
41,41,41,550,0.05,1.0,0.2583850038909125
42,42,42,550,0.1,0.0,0.7123421448256814
43,43,43,550,0.1,0.05,0.6822946698854573
44,44,44,550,0.1,0.1,0.6317159961366314
45,45,45,550,0.1,0.15,0.5788025541749628
46,46,46,550,0.1,0.2,0.5296879110776841
47,47,47,550,0.1,0.25,0.4865378327469536
48,48,48,550,0.1,0.3,0.4495292573994439
49,49,49,550,0.1,0.35,0.4182065019372723
50,50,50,550,0.1,0.4,0.3918832157770911
51,51,51,550,0.1,0.45,0.3697780534985699
52,52,52,550,0.1,0.5,0.3511597686831554
53,53,53,550,0.1,0.55,0.3354200777874025
54,54,54,550,0.1,0.6,0.3219241585380876
55,55,55,550,0.1,0.65,0.3103899500398391
56,56,56,550,0.1,0.7,0.3004248796149683
57,57,57,550,0.1,0.75,0.291828091029324
58,58,58,550,0.1,0.8,0.2843475250198494
59,59,59,550,0.1,0.85,0.2777860594273522
60,60,60,550,0.1,0.9,0.2720157724550552
61,61,61,550,0.1,0.95,0.2669259050491417
62,62,62,550,0.1,1.0,0.2623930805642759
63,63,63,550,0.15,0.0,0.7192596010368019
64,64,64,550,0.15,0.05,0.6890862107470244
65,65,65,550,0.15,0.1,0.6382908439635907
66,66,66,550,0.15,0.15,0.5850757931957645
67,67,67,550,0.15,0.2,0.5355668443477849
68,68,68,550,0.15,0.25,0.4919938493441611
69,69,69,550,0.15,0.3,0.4545802561636714
70,70,70,550,0.15,0.35,0.4228785630547315
71,71,71,550,0.15,0.4,0.3961887440738462
72,72,72,550,0.15,0.45,0.3737468003861985
73,73,73,550,0.15,0.5,0.3548319033490702
74,74,74,550,0.15,0.55,0.338840921486263
75,75,75,550,0.15,0.6,0.3251360907540235
76,76,76,550,0.15,0.65,0.3133951515203488
77,77,77,550,0.15,0.7,0.303293223153797
78,78,78,550,0.15,0.75,0.2945464224941439
79,79,79,550,0.15,0.8,0.2869407201249639
80,80,80,550,0.15,0.85,0.2802445608594274
81,81,81,550,0.15,0.9,0.2743071975322065
82,82,82,550,0.15,0.95,0.2690742869604478
83,83,83,550,0.15,1.0,0.2644383004148784
84,84,84,550,0.2,0.0,0.726645283493515
85,85,85,550,0.2,0.05,0.6959495095537107
86,86,86,550,0.2,0.1,0.6443743837357369
87,87,87,550,0.2,0.15,0.5903431387162655
88,88,88,550,0.2,0.2,0.5400306177179238
89,89,89,550,0.2,0.25,0.4957121258072063
90,90,90,550,0.2,0.3,0.4576449431900654
91,91,91,550,0.2,0.35,0.4253908445697563
92,92,92,550,0.2,0.4,0.3982339562242529
93,93,93,550,0.2,0.45,0.3753742476870599
94,94,94,550,0.2,0.5,0.3561047472217437
95,95,95,550,0.2,0.55,0.3398128320194959
96,96,96,550,0.2,0.6,0.3258575867234261
97,97,97,550,0.2,0.65,0.3138929514889839
98,98,98,550,0.2,0.7,0.3036075167191892
99,99,99,550,0.2,0.75,0.2946510756411377
100,100,100,550,0.2,0.8,0.2868331320688583
101,101,101,550,0.2,0.85,0.2799927870934259
102,102,102,550,0.2,0.9,0.2739761523604601
103,103,103,550,0.2,0.95,0.2686373512448599
104,104,104,550,0.2,1.0,0.2639102579708044
105,105,105,550,0.25,0.0,0.7345489079566144
106,106,106,550,0.25,0.05,0.7028206713483658
107,107,107,550,0.25,0.1,0.6497475419855402
108,108,108,550,0.25,0.15,0.5942452810768837
109,109,109,550,0.25,0.2,0.5426121896324446
110,110,110,550,0.25,0.25,0.4971509203692703
111,111,111,550,0.25,0.3,0.4581394115543569
112,112,112,550,0.25,0.35,0.4251039465217366
113,113,113,550,0.25,0.4,0.3973304720289951
114,114,114,550,0.25,0.45,0.3739503133893897
115,115,115,550,0.25,0.5,0.3542550949221337
116,116,116,550,0.25,0.55,0.3376018450634387
117,117,117,550,0.25,0.6,0.3233585151164359
118,118,118,550,0.25,0.65,0.3111152590450164
119,119,119,550,0.25,0.7,0.3005311223063605
120,120,120,550,0.25,0.75,0.2913664955540301
121,121,121,550,0.25,0.8,0.2833900422866912
122,122,122,550,0.25,0.85,0.2764318869398595
123,123,123,550,0.25,0.9,0.270329739458288
124,124,124,550,0.25,0.95,0.2649410491855794
125,125,125,550,0.25,1.0,0.2601469578111257
126,126,126,550,0.3,0.0,0.7430276462966664
127,127,127,550,0.3,0.05,0.7096181059733015
128,128,128,550,0.3,0.1,0.6541500473570039
129,129,129,550,0.3,0.15,0.5963666753849544
130,130,130,550,0.3,0.2,0.5427890596891677
131,131,131,550,0.3,0.25,0.4957120948962653
132,132,132,550,0.3,0.3,0.4554119574757228
133,133,133,550,0.3,0.35,0.421348793856404
134,134,134,550,0.3,0.4,0.3927526618733275
135,135,135,550,0.3,0.45,0.3687479897555122
136,136,136,550,0.3,0.5,0.3485362599640906
137,137,137,550,0.3,0.55,0.3314214287362395
138,138,138,550,0.3,0.6,0.3168257083690339
139,139,139,550,0.3,0.65,0.3042566634274103
140,140,140,550,0.3,0.7,0.2934373692809338
141,141,141,550,0.3,0.75,0.2841092594177861
142,142,142,550,0.3,0.8,0.2759947546041267
143,143,143,550,0.3,0.85,0.268914901482137
144,144,144,550,0.3,0.9,0.2627131086616657
145,145,145,550,0.3,0.95,0.2572497052798198
146,146,146,550,0.3,1.0,0.2523989812486705
147,147,147,550,0.35,0.0,0.7521476215475195
148,148,148,550,0.35,0.05,0.7162396186127997
149,149,149,550,0.35,0.1,0.6572794770084607
150,150,150,550,0.35,0.15,0.5962598674750762
151,151,151,550,0.35,0.2,0.5399725447334114
152,152,152,550,0.35,0.25,0.4907239270392188
153,153,153,550,0.35,0.3,0.4487106332382359
154,154,154,550,0.35,0.35,0.413360022005932
155,155,155,550,0.35,0.4,0.3838049712411749
156,156,156,550,0.35,0.45,0.3590647172996398
157,157,157,550,0.35,0.5,0.3382600239291207
158,158,158,550,0.35,0.55,0.3206719814224499
159,159,159,550,0.35,0.6,0.305667358977232
160,160,160,550,0.35,0.65,0.2928523261695954
161,161,161,550,0.35,0.7,0.281858820306226
162,162,162,550,0.35,0.75,0.2723887621818982
163,163,163,550,0.35,0.8,0.2641905041425251
164,164,164,550,0.35,0.85,0.2570375121718625
165,165,165,550,0.35,0.9,0.2507534261421454
166,166,166,550,0.35,0.95,0.2452098628950581
167,167,167,550,0.35,1.0,0.2403107243551029
168,168,168,550,0.4,0.0,0.761985784300724
169,169,169,550,0.4,0.05,0.72255921821641
170,170,170,550,0.4,0.1,0.658793515266014
171,171,171,550,0.4,0.15,0.5934184521824137
172,172,172,550,0.4,0.2,0.5335759248902858
173,173,173,550,0.4,0.25,0.4815613060806484
174,174,174,550,0.4,0.3,0.4375353911396498
175,175,175,550,0.4,0.35,0.4007369486512378
176,176,176,550,0.4,0.4,0.3700662738344004
177,177,177,550,0.4,0.45,0.3445024005133952
178,178,178,550,0.4,0.5,0.3230479282181026
179,179,179,550,0.4,0.55,0.3049951411784211
180,180,180,550,0.4,0.6,0.2897242475622584
181,181,181,550,0.4,0.65,0.276752830909265
182,182,182,550,0.4,0.7,0.2656309197725219
183,183,183,550,0.4,0.75,0.2560643225443171
184,184,184,550,0.4,0.8,0.247800309868518
185,185,185,550,0.4,0.85,0.2406072386765081
186,186,186,550,0.4,0.9,0.2343028974741242
187,187,187,550,0.4,0.95,0.2287407567209053
188,188,188,550,0.4,1.0,0.2238153361814558
189,189,189,550,0.45,0.0,0.7726323087458106
190,190,190,550,0.45,0.05,0.7284229101699254
191,191,191,550,0.45,0.1,0.6583107512773826
192,192,192,550,0.45,0.15,0.5873424437277877
193,193,193,550,0.45,0.2,0.5230875578200544
194,194,194,550,0.45,0.25,0.4678497039392448
195,195,195,550,0.45,0.3,0.421535652274468
196,196,196,550,0.45,0.35,0.3831205293536778
197,197,197,550,0.45,0.4,0.3513486773828111
198,198,198,550,0.45,0.45,0.3249242519872739
199,199,199,550,0.45,0.5,0.3029062604833962
200,200,200,550,0.45,0.55,0.2845368109151227
201,201,201,550,0.45,0.6,0.2690950221704555
202,202,202,550,0.45,0.65,0.2560655821866829
203,203,203,550,0.45,0.7,0.2449584189444158
204,204,204,550,0.45,0.75,0.2354459933619778
205,205,205,550,0.45,0.8,0.2272142044823757
206,206,206,550,0.45,0.85,0.2200240288481262
207,207,207,550,0.45,0.9,0.2137534986732245
208,208,208,550,0.45,0.95,0.2082597188759032
209,209,209,550,0.45,1.0,0.2034217712254697
210,210,210,550,0.5,0.0,0.7841936593276233
211,211,211,550,0.5,0.05,0.7336426361608496
212,212,212,550,0.5,0.1,0.6554030938583826
213,213,213,550,0.5,0.15,0.5775379311153935
214,214,214,550,0.5,0.2,0.5081134009525052
215,215,215,550,0.5,0.25,0.4492640978251387
216,216,216,550,0.5,0.3,0.4005101716421566
217,217,217,550,0.5,0.35,0.3605077016581699
218,218,218,550,0.5,0.4,0.3275788451869528
219,219,219,550,0.5,0.45,0.3005247007795357
220,220,220,550,0.5,0.5,0.278241061583004
221,221,221,550,0.5,0.55,0.2598073715280999
222,222,222,550,0.5,0.6,0.2444177170297286
223,223,223,550,0.5,0.65,0.2314820808952859
224,224,224,550,0.5,0.7,0.220525717826221
225,225,225,550,0.5,0.75,0.2111109621686661
226,226,226,550,0.5,0.8,0.203022048646008
227,227,227,550,0.5,0.85,0.1960397196194329
228,228,228,550,0.5,0.9,0.1899734244027513
229,229,229,550,0.5,0.95,0.1846636685522931
230,230,230,550,0.5,1.0,0.1799634827987286
231,231,231,550,0.55,0.0,0.7967966032111683
232,232,232,550,0.55,0.05,0.7379835275717175
233,233,233,550,0.55,0.1,0.6496327629876376
234,234,234,550,0.55,0.15,0.5635776615748839
235,235,235,550,0.55,0.2,0.4883666879399218
236,236,236,550,0.55,0.25,0.4257062184210632
237,237,237,550,0.55,0.3,0.374585673977695
238,238,238,550,0.55,0.35,0.3330020707336769
239,239,239,550,0.55,0.4,0.2993758677459487
240,240,240,550,0.55,0.45,0.2721179081228607
241,241,241,550,0.55,0.5,0.2499064163160916
242,242,242,550,0.55,0.55,0.2316837058900539
243,243,243,550,0.55,0.6,0.2165658300858789
244,244,244,550,0.55,0.65,0.2039474977484668
245,245,245,550,0.55,0.7,0.1933172547733684
246,246,246,550,0.55,0.75,0.1842542822241573
247,247,247,550,0.55,0.8,0.1764904502440037
248,248,248,550,0.55,0.85,0.1698170198294427
249,249,249,550,0.55,0.9,0.1640271844604731
250,250,250,550,0.55,0.95,0.1589595496377367
251,251,251,550,0.55,1.0,0.1545146309017336
252,252,252,550,0.6,0.0,0.810593493410434
253,253,253,550,0.6,0.05,0.7411578667612455
254,254,254,550,0.6,0.1,0.6405089531779407
255,255,255,550,0.6,0.15,0.5450950098751874
256,256,256,550,0.6,0.2,0.4637120236663656
257,257,257,550,0.6,0.25,0.397321999562385
258,258,258,550,0.6,0.3,0.3439893060519047
259,259,259,550,0.6,0.35,0.3015457508206067
260,260,260,550,0.6,0.4,0.2677920146445862
261,261,261,550,0.6,0.45,0.2408198488808597
262,262,262,550,0.6,0.5,0.2190983248629519
263,263,263,550,0.6,0.55,0.2014071124329507
264,264,264,550,0.6,0.6,0.1868439262624566
265,265,265,550,0.6,0.65,0.1747669106749918
266,266,266,550,0.6,0.7,0.1646599123548733
267,267,267,550,0.6,0.75,0.1561298136119779
268,268,268,550,0.6,0.8,0.1488654424128722
269,269,269,550,0.6,0.85,0.1426052798233858
270,270,270,550,0.6,0.9,0.1371961841765116
271,271,271,550,0.6,0.95,0.1324953702515434
272,272,272,550,0.6,1.0,0.128379592474001
273,273,273,550,0.65,0.0,0.8257693647876034
274,274,274,550,0.65,0.05,0.7427922881659903
275,275,275,550,0.65,0.1,0.6275381784563211
276,276,276,550,0.65,0.15,0.5218153768616606
277,277,277,550,0.65,0.2,0.434179239866959
278,278,278,550,0.65,0.25,0.3643735258538554
279,279,279,550,0.65,0.3,0.3098044599013824
280,280,280,550,0.65,0.35,0.2673292795720132
281,281,281,550,0.65,0.4,0.2341571431732042
282,282,282,550,0.65,0.45,0.2079896512964248
283,283,283,550,0.65,0.5,0.1871668486494737
284,284,284,550,0.65,0.55,0.1704272161932355
285,285,285,550,0.65,0.6,0.156785094297256
286,286,286,550,0.65,0.65,0.1455380661355444
287,287,287,550,0.65,0.7,0.136191058622222
288,288,288,550,0.65,0.75,0.1283312635682881
289,289,289,550,0.65,0.8,0.1216746036077974
290,290,290,550,0.65,0.85,0.1159963836022368
291,291,291,550,0.65,0.9,0.1110948317312749
292,292,292,550,0.65,0.95,0.1068555082502246
293,293,293,550,0.65,1.0,0.1031569513144756
294,294,294,550,0.7,0.0,0.8425515957975376
295,295,295,550,0.7,0.05,0.742426461070585
296,296,296,550,0.7,0.1,0.6101795621039195
297,297,297,550,0.7,0.15,0.4935062618559038
298,298,298,550,0.7,0.2,0.3999370578613324
299,299,299,550,0.7,0.25,0.3279115791948413
300,300,300,550,0.7,0.3,0.2731934319536501
301,301,301,550,0.7,0.35,0.2316109567122551
302,302,302,550,0.7,0.4,0.1997030846817207
303,303,303,550,0.7,0.45,0.1750141053232884
304,304,304,550,0.7,0.5,0.1556574706570771
305,305,305,550,0.7,0.55,0.1402514283530617
306,306,306,550,0.7,0.6,0.1277910356883383
307,307,307,550,0.7,0.65,0.1176065811747806
308,308,308,550,0.7,0.7,0.1092016076042474
309,309,309,550,0.7,0.75,0.1021927058405972
310,310,310,550,0.7,0.8,0.0962771445684023
311,311,311,550,0.7,0.85,0.0912445278315193
312,312,312,550,0.7,0.9,0.0869335570093894
313,313,313,550,0.7,0.95,0.0831974769185888
314,314,314,550,0.7,1.0,0.0799557707885875
315,315,315,550,0.75,0.0,0.8612233256453744
316,316,316,550,0.75,0.05,0.739411746672881
317,317,317,550,0.75,0.1,0.5878788411371166
318,318,318,550,0.75,0.15,0.4600237620907146
319,319,319,550,0.75,0.2,0.3617584543672022
320,320,320,550,0.75,0.25,0.28890410247544
321,321,321,550,0.75,0.3,0.2352779548324243
322,322,322,550,0.75,0.35,0.1956035710402043
323,323,323,550,0.75,0.4,0.1658927769390933
324,324,324,550,0.75,0.45,0.1432875764921687
325,325,325,550,0.75,0.5,0.1257858234737533
326,326,326,550,0.75,0.55,0.1119948615878532
327,327,327,550,0.75,0.6,0.1009721975969436
328,328,328,550,0.75,0.65,0.0920281463189936
329,329,329,550,0.75,0.7,0.0846787089670993
330,330,330,550,0.75,0.75,0.0785745189741783
331,331,331,550,0.75,0.8,0.0734548327310887
332,332,332,550,0.75,0.85,0.0691263598944903
333,333,333,550,0.75,0.9,0.0654274660378695
334,334,334,550,0.75,0.95,0.0622513461962762
335,335,335,550,0.75,1.0,0.0595049548454067
336,336,336,550,0.8,0.0,0.8821424101967473
337,337,337,550,0.8,0.05,0.7328720711258223
338,338,338,550,0.8,0.1,0.5599156667779539
339,339,339,550,0.8,0.15,0.4215572154234292
340,340,340,550,0.8,0.2,0.3203575477890987
341,341,341,550,0.8,0.25,0.2485329595216717
342,342,342,550,0.8,0.3,0.1975875103411814
343,343,343,550,0.8,0.35,0.1609541250449894
344,344,344,550,0.8,0.4,0.1340825878660503
345,345,345,550,0.8,0.45,0.1139630711910857
346,346,346,550,0.8,0.5,0.0985857551849208
347,347,347,550,0.8,0.55,0.0865951825606385
348,348,348,550,0.8,0.6,0.0770799128055877
349,349,349,550,0.8,0.65,0.0694086557000823
350,350,350,550,0.8,0.7,0.0631541499193345
351,351,351,550,0.8,0.75,0.0579891991369319
352,352,352,550,0.8,0.8,0.0536851212569708
353,353,353,550,0.8,0.85,0.0500623096532976
354,354,354,550,0.8,0.9,0.0469874822971001
355,355,355,550,0.8,0.95,0.044353967764364
356,356,356,550,0.8,1.0,0.0420736799439609
357,357,357,550,0.85,0.0,0.905768733204606
358,358,358,550,0.85,0.05,0.721613218604944
359,359,359,550,0.85,0.1,0.5255980020920822
360,360,360,550,0.85,0.15,0.3785501887435553
361,361,361,550,0.85,0.2,0.2771479875866592
362,362,362,550,0.85,0.25,0.2084888988092751
363,363,363,550,0.85,0.3,0.1615299167769456
364,364,364,550,0.85,0.35,0.1287023011571396
365,365,365,550,0.85,0.4,0.1051625845371894
366,366,366,550,0.85,0.45,0.0877312559096175
367,367,367,550,0.85,0.5,0.0745730797257983
368,368,368,550,0.85,0.55,0.0644305380759776
369,369,369,550,0.85,0.6,0.0564343951543812
370,370,370,550,0.85,0.65,0.050051033866832
371,371,371,550,0.85,0.7,0.0448836023990721
372,372,372,550,0.85,0.75,0.0406526193887315
373,373,373,550,0.85,0.8,0.0371481830101334
374,374,374,550,0.85,0.85,0.0342148379291674
375,375,375,550,0.85,0.9,0.0317360956209684
376,376,376,550,0.85,0.95,0.0296182024182058
377,377,377,550,0.85,1.0,0.0277951629904988
378,378,378,550,0.9,0.0,0.9327041750500916
379,379,379,550,0.9,0.05,0.7038017877366364
380,380,380,550,0.9,0.1,0.4845016518025132
381,381,381,550,0.9,0.15,0.3321296280397984
382,382,382,550,0.9,0.2,0.233469676409285
383,383,383,550,0.9,0.25,0.1699380154907838
384,384,384,550,0.9,0.3,0.1280936854414757
385,385,385,550,0.9,0.35,0.0996205405908031
386,386,386,550,0.9,0.4,0.0795169757647879
387,387,387,550,0.9,0.45,0.0649234188480916
388,388,388,550,0.9,0.5,0.0540571816667817
389,389,389,550,0.9,0.55,0.0457244549413873
390,390,390,550,0.9,0.6,0.0392357207806646
391,391,391,550,0.9,0.65,0.0341038102166805
392,392,392,550,0.9,0.7,0.0299814999030347
393,393,393,550,0.9,0.75,0.0266213771981784
394,394,394,550,0.9,0.8,0.0238484702898478
395,395,395,550,0.9,0.85,0.0215366892952491
396,396,396,550,0.9,0.9,0.0195872529977313
397,397,397,550,0.9,0.95,0.0179259573232518
398,398,398,550,0.9,1.0,0.0165028856812274
399,399,399,550,0.95,0.0,0.9637515530920976
400,400,400,550,0.95,0.05,0.6769151486133936
401,401,401,550,0.95,0.1,0.4367490679448849
402,402,402,550,0.95,0.15,0.2833173662272308
403,403,403,550,0.95,0.2,0.1907059687371714
404,404,404,550,0.95,0.25,0.1340789614243919
405,405,405,550,0.95,0.3,0.0980676841278585
406,406,406,550,0.95,0.35,0.0741470708084994
407,407,407,550,0.95,0.4,0.0576669894651822
408,408,408,550,0.95,0.45,0.0458823033668546
409,409,409,550,0.95,0.5,0.0371624768347276
410,410,410,550,0.95,0.55,0.0305534457987091
411,411,411,550,0.95,0.6,0.0254449695343568
412,412,412,550,0.95,0.65,0.0214275110170286
413,413,413,550,0.95,0.7,0.0182176487217654
414,414,414,550,0.95,0.75,0.0156146202961635
415,415,415,550,0.95,0.8,0.0134734971267448
416,416,416,550,0.95,0.85,0.011694646267271
417,417,417,550,0.95,0.9,0.0101957582250193
418,418,418,550,0.95,0.95,0.0089266251751597
419,419,419,550,0.95,1.0,0.0078431321900833
420,420,420,550,1.0,0.0,1.0
421,421,421,550,1.0,0.05,0.6382075346818622
422,422,422,550,1.0,0.1,0.3822949822832268
423,423,423,550,1.0,0.15,0.2335757387267911
424,424,424,550,1.0,0.2,0.150231247315427
425,425,425,550,1.0,0.25,0.1017767765593177
426,426,426,550,1.0,0.3,0.0720233788851933
427,427,427,550,1.0,0.35,0.0527230530012533
428,428,428,550,1.0,0.4,0.0396567660123181
429,429,429,550,1.0,0.45,0.0304537567001247
430,430,430,550,1.0,0.5,0.0237037988038676
431,431,431,550,1.0,0.55,0.0186125672518754
432,432,432,550,1.0,0.6,0.0147067215956901
433,433,433,550,1.0,0.65,0.0116537402108252
434,434,434,550,1.0,0.7,0.0092238886309893
435,435,435,550,1.0,0.75,0.0072604828597478
436,436,436,550,1.0,0.8,0.0056517574669562
437,437,437,550,1.0,0.85,0.0043150085417531
438,438,438,550,1.0,0.9,0.0031962078098754
439,439,439,550,1.0,0.95,0.0022501681589804
440,440,440,550,1.0,1.0,0.0014446127088648
441,441,441,700,0.0,0.0,0.4595338902856677
442,442,442,700,0.0,0.05,0.4445695301794218
443,443,443,700,0.0,0.1,0.4088970677974741
444,444,444,700,0.0,0.15,0.3701881424756229
445,445,445,700,0.0,0.2,0.3350241269011737
446,446,446,700,0.0,0.25,0.304887146421413
447,447,447,700,0.0,0.3,0.2798705322547148
448,448,448,700,0.0,0.35,0.259263805227545
449,449,449,700,0.0,0.4,0.2423265867221465
450,450,450,700,0.0,0.45,0.228258963890434
451,451,451,700,0.0,0.5,0.2164042888142814
452,452,452,700,0.0,0.55,0.2064286774842395
453,453,453,700,0.0,0.6,0.1978283573060185
454,454,454,700,0.0,0.65,0.1904082023780557
455,455,455,700,0.0,0.7,0.183974909171515
456,456,456,700,0.0,0.75,0.1784115876160757
457,457,457,700,0.0,0.8,0.1735712206373257
458,458,458,700,0.0,0.85,0.1693616438912767
459,459,459,700,0.0,0.9,0.1656540141810858
460,460,460,700,0.0,0.95,0.1623912909671434
461,461,461,700,0.0,1.0,0.1594702418082001
462,462,462,700,0.05,0.0,0.4720904994850962
463,463,463,700,0.05,0.05,0.4566744026339939
464,464,464,700,0.05,0.1,0.4203725881509648
465,465,465,700,0.05,0.15,0.380887551728948
466,466,466,700,0.05,0.2,0.3449118501067224
467,467,467,700,0.05,0.25,0.3139625803738901
468,468,468,700,0.05,0.3,0.2882587906401247
469,469,469,700,0.05,0.35,0.2670610077671397
470,470,470,700,0.05,0.4,0.2495659314806747
471,471,471,700,0.05,0.45,0.235045058099284
472,472,472,700,0.05,0.5,0.2228427148741552
473,473,473,700,0.05,0.55,0.2124974429170106
474,474,474,700,0.05,0.6,0.2035670113313251
475,475,475,700,0.05,0.65,0.1959086271145716
476,476,476,700,0.05,0.7,0.1892509800366135
477,477,477,700,0.05,0.75,0.1835160989117855
478,478,478,700,0.05,0.8,0.1785501859922342
479,479,479,700,0.05,0.85,0.1741986251890484
480,480,480,700,0.05,0.9,0.1703817422216662
481,481,481,700,0.05,0.95,0.167003877133722
482,482,482,700,0.05,1.0,0.1639970299257712
483,483,483,700,0.1,0.0,0.4856607362928394
484,484,484,700,0.1,0.05,0.4695993947711326
485,485,485,700,0.1,0.1,0.4323351644615892
486,486,486,700,0.1,0.15,0.391783387260691
487,487,487,700,0.1,0.2,0.3546990324139952
488,488,488,700,0.1,0.25,0.322820721750389
489,489,489,700,0.1,0.3,0.2962952883717328
490,490,490,700,0.1,0.35,0.2743828229255064
491,491,491,700,0.1,0.4,0.2562866804343546
492,492,492,700,0.1,0.45,0.2412674181336782
493,493,493,700,0.1,0.5,0.2286414347917627
494,494,494,700,0.1,0.55,0.2178872203629298
495,495,495,700,0.1,0.6,0.2086037144174855
496,496,496,700,0.1,0.65,0.2006885195094671
497,497,497,700,0.1,0.7,0.1938272143367787
498,498,498,700,0.1,0.75,0.1878845656193001
499,499,499,700,0.1,0.8,0.1827541795259616
500,500,500,700,0.1,0.85,0.1782945911992036
501,501,501,700,0.1,0.9,0.1743601503044586
502,502,502,700,0.1,0.95,0.1708795996368434
503,503,503,700,0.1,1.0,0.1677766526664164
504,504,504,700,0.15,0.0,0.5003708166434727
505,505,505,700,0.15,0.05,0.4834046065615136
506,506,506,700,0.15,0.1,0.4447105899652238
507,507,507,700,0.15,0.15,0.4026707708938636
508,508,508,700,0.15,0.2,0.3642099647192968
509,509,509,700,0.15,0.25,0.3311668027853745
510,510,510,700,0.15,0.3,0.3036550891820798
511,511,511,700,0.15,0.35,0.2808769877346764
512,512,512,700,0.15,0.4,0.2620801390576922
513,513,513,700,0.15,0.45,0.246517013698175
514,514,514,700,0.15,0.5,0.2333760472443717
515,515,515,700,0.15,0.55,0.2221726753800051
516,516,516,700,0.15,0.6,0.2124970543211052
517,517,517,700,0.15,0.65,0.204293959453209
518,518,518,700,0.15,0.7,0.1972439025496762
519,519,519,700,0.15,0.75,0.1911083279189444
520,520,520,700,0.15,0.8,0.1857959217242187
521,521,521,700,0.15,0.85,0.1811740539427187
522,522,522,700,0.15,0.9,0.1771213725536732
523,523,523,700,0.15,0.95,0.1735591604916361
524,524,524,700,0.15,1.0,0.1703692249042896
525,525,525,700,0.2,0.0,0.5163406672407408
526,526,526,700,0.2,0.05,0.4981279623636083
527,527,527,700,0.2,0.1,0.457426904075362
528,528,528,700,0.2,0.15,0.4133470577491571
529,529,529,700,0.2,0.2,0.3731013653264615
530,530,530,700,0.2,0.25,0.33861487603509
531,531,531,700,0.2,0.3,0.3098898662342806
532,532,532,700,0.2,0.35,0.2860694160809017
533,533,533,700,0.2,0.4,0.2664725672719755
534,534,534,700,0.2,0.45,0.2502102905582072
535,535,535,700,0.2,0.5,0.2364982044977442
536,536,536,700,0.2,0.55,0.2247587870523466
537,537,537,700,0.2,0.6,0.2147470639468294
538,538,538,700,0.2,0.65,0.2062480028826096
539,539,539,700,0.2,0.7,0.1990038645380292
540,540,540,700,0.2,0.75,0.1926874783480466
541,541,541,700,0.2,0.8,0.1871940002565024
542,542,542,700,0.2,0.85,0.1824119897701311
543,543,543,700,0.2,0.9,0.1782346173730019
544,544,544,700,0.2,0.95,0.1745575086123483
545,545,545,700,0.2,1.0,0.1712985879991538
546,546,546,700,0.25,0.0,0.5336663198310965
547,547,547,700,0.25,0.05,0.5137534126103399
548,548,548,700,0.25,0.1,0.4702892457657863
549,549,549,700,0.25,0.15,0.4235474552171384
550,550,550,700,0.25,0.2,0.3810005528730731
551,551,551,700,0.25,0.25,0.3446581544479433
552,552,552,700,0.25,0.3,0.3144013306956063
553,553,553,700,0.25,0.35,0.2894401780899673
554,554,554,700,0.25,0.4,0.2689194090912996
555,555,555,700,0.25,0.45,0.2518578298244221
556,556,556,700,0.25,0.5,0.2374684870093996
557,557,557,700,0.25,0.55,0.2251921021369453
558,558,558,700,0.25,0.6,0.2148338968804052
559,559,559,700,0.25,0.65,0.2060532818262907
560,560,560,700,0.25,0.7,0.1985481151234686
561,561,561,700,0.25,0.75,0.1920987610482027
562,562,562,700,0.25,0.8,0.1864298640519436
563,563,563,700,0.25,0.85,0.1815068832462537
564,564,564,700,0.25,0.9,0.1772113831074489
565,565,565,700,0.25,0.95,0.1734144365193635
566,566,566,700,0.25,1.0,0.1700540595862735
567,567,567,700,0.3,0.0,0.5524131664853533
568,568,568,700,0.3,0.05,0.5302267145720385
569,569,569,700,0.3,0.1,0.4830905184032874
570,570,570,700,0.3,0.15,0.4329116852061297
571,571,571,700,0.3,0.2,0.3874604350613169
572,572,572,700,0.3,0.25,0.3488006851825822
573,573,573,700,0.3,0.3,0.316713035010645
574,574,574,700,0.3,0.35,0.2903992074010593
575,575,575,700,0.3,0.4,0.2687605511622208
576,576,576,700,0.3,0.45,0.2508662545420885
577,577,577,700,0.3,0.5,0.2357107672797849
578,578,578,700,0.3,0.55,0.222942307843788
579,579,579,700,0.3,0.6,0.2121853382379332
580,580,580,700,0.3,0.65,0.2030703101723845
581,581,581,700,0.3,0.7,0.1953262945537048
582,582,582,700,0.3,0.75,0.188690249195408
583,583,583,700,0.3,0.8,0.1829098260239941
584,584,584,700,0.3,0.85,0.1778437946740835
585,585,585,700,0.3,0.9,0.1734138626191734
586,586,586,700,0.3,0.95,0.1695166865809689
587,587,587,700,0.3,1.0,0.166085117146817
588,588,588,700,0.35,0.0,0.5726528785629926
589,589,589,700,0.35,0.05,0.547491737002855
590,590,590,700,0.35,0.1,0.4955647855399933
591,591,591,700,0.35,0.15,0.440967224891683
592,592,592,700,0.35,0.2,0.3919055829500856
593,593,593,700,0.35,0.25,0.3504586641328783
594,594,594,700,0.35,0.3,0.3162633335010147
595,595,595,700,0.35,0.35,0.2883868235278212
596,596,596,700,0.35,0.4,0.265504354617286
597,597,597,700,0.35,0.45,0.2465468046201915
598,598,598,700,0.35,0.5,0.2307209770190727
599,599,599,700,0.35,0.55,0.2173850711302112
600,600,600,700,0.35,0.6,0.206230823332077
601,601,601,700,0.35,0.65,0.1968238751618196
602,602,602,700,0.35,0.7,0.1888190302851652
603,603,603,700,0.35,0.75,0.1819972564103515
604,604,604,700,0.35,0.8,0.1761408295575803
605,605,605,700,0.35,0.85,0.1710274727887726
606,606,606,700,0.35,0.9,0.1665330697457218
607,607,607,700,0.35,0.95,0.1625704917371468
608,608,608,700,0.35,1.0,0.159079640091223
609,609,609,700,0.4,0.0,0.594488185925945
610,610,610,700,0.4,0.05,0.5654360644533089
611,611,611,700,0.4,0.1,0.5073478085120812
612,612,612,700,0.4,0.15,0.4472202071858632
613,613,613,700,0.4,0.2,0.3937367100755934
614,614,614,700,0.4,0.25,0.349030042911507
615,615,615,700,0.4,0.3,0.3125011142875277
616,616,616,700,0.4,0.35,0.2828791776704639
617,617,617,700,0.4,0.4,0.2586471208143547
618,618,618,700,0.4,0.45,0.2386660867693641
619,619,619,700,0.4,0.5,0.2221475612453845
620,620,620,700,0.4,0.55,0.2083465507974201
621,621,621,700,0.4,0.6,0.1968065683132441
622,622,622,700,0.4,0.65,0.1871029706093508
623,623,623,700,0.4,0.7,0.178914319758997
624,624,624,700,0.4,0.75,0.1719524848156717
625,625,625,700,0.4,0.8,0.1659703138919052
626,626,626,700,0.4,0.85,0.1608045624405821
627,627,627,700,0.4,0.9,0.1562867591761349
628,628,628,700,0.4,0.95,0.1523237500376912
629,629,629,700,0.4,1.0,0.1488256672258392
630,630,630,700,0.45,0.0,0.6178462030275814
631,631,631,700,0.45,0.05,0.5837943129254141
632,632,632,700,0.45,0.1,0.5179831601373064
633,633,633,700,0.45,0.15,0.4510052750968134
634,634,634,700,0.45,0.2,0.3924418768882474
635,635,635,700,0.45,0.25,0.3440981741735746
636,636,636,700,0.45,0.3,0.3050525030195867
637,637,637,700,0.45,0.35,0.2735743433825528
638,638,638,700,0.45,0.4,0.2479181171651744
639,639,639,700,0.45,0.45,0.2270929756669861
640,640,640,700,0.45,0.5,0.2099641178931177
641,641,641,700,0.45,0.55,0.1957396903896235
642,642,642,700,0.45,0.6,0.1839672616898055
643,643,643,700,0.45,0.65,0.174147210548201
644,644,644,700,0.45,0.7,0.1658751103080228
645,645,645,700,0.45,0.75,0.1588346681168957
646,646,646,700,0.45,0.8,0.1528200307503313
647,647,647,700,0.45,0.85,0.1476447838565163
648,648,648,700,0.45,0.9,0.1431392146581482
649,649,649,700,0.45,0.95,0.1392076658948494
650,650,650,700,0.45,1.0,0.1357433888740782
651,651,651,700,0.5,0.0,0.6426644336675376
652,652,652,700,0.5,0.05,0.6022031911061769
653,653,653,700,0.5,0.1,0.5267921034336719
654,654,654,700,0.5,0.15,0.4517447142259146
655,655,655,700,0.5,0.2,0.3874137060678805
656,656,656,700,0.5,0.25,0.3351947511167993
657,657,657,700,0.5,0.3,0.2935111895491341
658,658,658,700,0.5,0.35,0.2602221090659066
659,659,659,700,0.5,0.4,0.2334442468149352
660,660,660,700,0.5,0.45,0.2119316104112056
661,661,661,700,0.5,0.5,0.194398115093297
662,662,662,700,0.5,0.55,0.1800137307389384
663,663,663,700,0.5,0.6,0.1681768519416016
664,664,664,700,0.5,0.65,0.1583581916637524
665,665,665,700,0.5,0.7,0.1501183227049646
666,666,666,700,0.5,0.75,0.1431522049440219
667,667,667,700,0.5,0.8,0.1372199480285436
668,668,668,700,0.5,0.85,0.1321169535701064
669,669,669,700,0.5,0.9,0.1277129132284876
670,670,670,700,0.5,0.95,0.1238826357308969
671,671,671,700,0.5,1.0,0.120503218033922
672,672,672,700,0.55,0.0,0.6690474619898162
673,673,673,700,0.55,0.05,0.6202458417550806
674,674,674,700,0.55,0.1,0.5330995584801126
675,675,675,700,0.55,0.15,0.4488660901961144
676,676,676,700,0.55,0.2,0.3782853717576098
677,677,677,700,0.55,0.25,0.3221268546189644
678,678,678,700,0.55,0.3,0.2780000884485204
679,679,679,700,0.55,0.35,0.2431191294215103
680,680,680,700,0.55,0.4,0.2155983861899328
681,681,681,700,0.55,0.45,0.1937660490422879
682,682,682,700,0.55,0.5,0.1761591845179116
683,683,683,700,0.55,0.55,0.1618548611605991
684,684,684,700,0.55,0.6,0.1501714648178624
685,685,685,700,0.55,0.65,0.1405180615158477
686,686,686,700,0.55,0.7,0.1324714465961428
687,687,687,700,0.55,0.75,0.1256941396842229
688,688,688,700,0.55,0.8,0.1199475773446106
689,689,689,700,0.55,0.85,0.1150362316411403
690,690,690,700,0.55,0.9,0.1107815318756672
691,691,691,700,0.55,0.95,0.1070956108277229
692,692,692,700,0.55,1.0,0.1038717155059825
693,693,693,700,0.6,0.0,0.6969661989333635
694,694,694,700,0.6,0.05,0.6373850271715377
695,695,695,700,0.6,0.1,0.5362454127207776
696,696,696,700,0.6,0.15,0.4418263922558328
697,697,697,700,0.6,0.2,0.3649114633359254
698,698,698,700,0.6,0.25,0.3050104874176966
699,699,699,700,0.6,0.3,0.2586328526581699
700,700,700,700,0.6,0.35,0.222770766744738
701,701,701,700,0.6,0.4,0.1950392693133543
702,702,702,700,0.6,0.45,0.1732951638781407
703,703,703,700,0.6,0.5,0.1560494028590931
704,704,704,700,0.6,0.55,0.1421450053672615
705,705,705,700,0.6,0.6,0.130848468809575
706,706,706,700,0.6,0.65,0.1215642708374979
707,707,707,700,0.6,0.7,0.1138638243414548
708,708,708,700,0.6,0.75,0.1074253573662461
709,709,709,700,0.6,0.8,0.1019651003518478
710,710,710,700,0.6,0.85,0.0973088596358586
711,711,711,700,0.6,0.9,0.0933072109991509
712,712,712,700,0.6,0.95,0.0898405182440667
713,713,713,700,0.6,1.0,0.0868225205568774
714,714,714,700,0.65,0.0,0.7265355498017575
715,715,715,700,0.65,0.05,0.6530877290251508
716,716,716,700,0.65,0.1,0.5356450495744642
717,717,717,700,0.65,0.15,0.4303310264381374
718,718,718,700,0.65,0.2,0.3472399430853686
719,719,719,700,0.65,0.25,0.2839340787379491
720,720,720,700,0.65,0.3,0.2361819153689618
721,721,721,700,0.65,0.35,0.2001950751798786
722,722,722,700,0.65,0.4,0.1728384991966584
723,723,723,700,0.65,0.45,0.1516743476339759
724,724,724,700,0.65,0.5,0.135104282288416
725,725,725,700,0.65,0.55,0.1219009231536867
726,726,726,700,0.65,0.6,0.1112143390041065
727,727,727,700,0.65,0.65,0.1024905510225482
728,728,728,700,0.65,0.7,0.0952856925318667
729,729,729,700,0.65,0.75,0.089270578933938
730,730,730,700,0.65,0.8,0.0842192907516347
731,731,731,700,0.65,0.85,0.0799352298112604
732,732,732,700,0.65,0.9,0.0762657473574111
733,733,733,700,0.65,0.95,0.0730882822287381
734,734,734,700,0.65,1.0,0.07032514410374
735,735,735,700,0.7,0.0,0.7579217865321224
736,736,736,700,0.7,0.05,0.6667320649450571
737,737,737,700,0.7,0.1,0.5306538041941053
738,738,738,700,0.7,0.15,0.4141947815317603
739,739,739,700,0.7,0.2,0.3253211936209304
740,740,740,700,0.7,0.25,0.259718827449582
741,741,741,700,0.7,0.3,0.2117417904385235
742,742,742,700,0.7,0.35,0.1764094326178237
743,743,743,700,0.7,0.4,0.1499428656792014
744,744,744,700,0.7,0.45,0.1298146206255253
745,745,745,700,0.7,0.5,0.1141933332876848
746,746,746,700,0.7,0.55,0.1018775037749689
747,747,747,700,0.7,0.6,0.0920393792141232
748,748,748,700,0.7,0.65,0.0840679992738522
749,749,749,700,0.7,0.7,0.0775224430835113
750,750,750,700,0.7,0.75,0.0720946276622344
751,751,751,700,0.7,0.8,0.0675333642804101
752,752,752,700,0.7,0.85,0.063651648196455
753,753,753,700,0.7,0.9,0.0603370923112993
754,754,754,700,0.7,0.95,0.0574825096425789
755,755,755,700,0.7,1.0,0.0550087223495665
756,756,756,700,0.75,0.0,0.7913323676303902
757,757,757,700,0.75,0.05,0.6774969175243529
758,758,758,700,0.75,0.1,0.5207229032777858
759,759,759,700,0.75,0.15,0.3931543575226259
760,760,760,700,0.75,0.2,0.2996339661748587
761,761,761,700,0.75,0.25,0.2332785133557942
762,762,762,700,0.75,0.3,0.1861817409685612
763,763,763,700,0.75,0.35,0.1522715919523526
764,764,764,700,0.75,0.4,0.1272756667409915
765,765,765,700,0.75,0.45,0.1085610666530692
766,766,766,700,0.75,0.5,0.0942096397754779
767,767,767,700,0.75,0.55,0.0830490683416564
768,768,768,700,0.75,0.6,0.0741801301869744
769,769,769,700,0.75,0.65,0.0670420087140856
770,770,770,700,0.75,0.7,0.0612047808375332
771,771,771,700,0.75,0.75,0.0563800578976254
772,772,772,700,0.75,0.8,0.0523429371623565
773,773,773,700,0.75,0.85,0.0489225474198451
774,774,774,700,0.75,0.9,0.0460159791158272
775,775,775,700,0.75,0.95,0.043529035138992
776,776,776,700,0.75,1.0,0.0413852154966412
777,777,777,700,0.8,0.0,0.827021301435634
778,778,778,700,0.8,0.05,0.6843210070152755
779,779,779,700,0.8,0.1,0.5052234333099361
780,780,780,700,0.8,0.15,0.3674612727850391
781,781,781,700,0.8,0.2,0.2713108016616207
782,782,782,700,0.8,0.25,0.2057521918027578
783,783,783,700,0.8,0.3,0.1605209222824674
784,784,784,700,0.8,0.35,0.1286765669223746
785,785,785,700,0.8,0.4,0.1057493388374493
786,786,786,700,0.8,0.45,0.0888066848814562
787,787,787,700,0.8,0.5,0.075963808125775
788,788,788,700,0.8,0.55,0.065996835531691
789,789,789,700,0.8,0.6,0.0581457094302687
790,790,790,700,0.8,0.65,0.051871629184337
791,791,791,700,0.8,0.7,0.0467809046716727
792,792,792,700,0.8,0.75,0.042584779831989
793,793,793,700,0.8,0.8,0.0390995127735568
794,794,794,700,0.8,0.85,0.0361789635240784
795,795,795,700,0.8,0.9,0.0337019228647452
796,796,796,700,0.8,0.95,0.0315793065357124
797,797,797,700,0.8,1.0,0.0297491002722628
798,798,798,700,0.85,0.0,0.8652991291945923
799,799,799,700,0.85,0.05,0.685812998514358
800,800,800,700,0.85,0.1,0.4836511667533479
801,801,801,700,0.85,0.15,0.3378641985709281
802,802,802,700,0.85,0.2,0.24129425800656
803,803,803,700,0.85,0.25,0.1779134017221121
804,804,804,700,0.85,0.3,0.1355691163316879
805,805,805,700,0.85,0.35,0.1065118501507436
806,806,806,700,0.85,0.4,0.0859625442324916
807,807,807,700,0.85,0.45,0.0709239032680764
808,808,808,700,0.85,0.5,0.0596051324015331
809,809,809,700,0.85,0.55,0.0509487327608189
810,810,810,700,0.85,0.6,0.0441921709004136
811,811,811,700,0.85,0.65,0.0388154078936691
812,812,812,700,0.85,0.7,0.0344674378652233
813,813,813,700,0.85,0.75,0.030908739129556
814,814,814,700,0.85,0.8,0.0279598255281749
815,815,815,700,0.85,0.85,0.0254962997766273
816,816,816,700,0.85,0.9,0.0234154850114658
817,817,817,700,0.85,0.95,0.0216414753835651
818,818,818,700,0.85,1.0,0.0201117685494009
819,819,819,700,0.9,0.0,0.9065505424666078
820,820,820,700,0.9,0.05,0.6801537447586535
821,821,821,700,0.9,0.1,0.4559407104450961
822,822,822,700,0.9,0.15,0.3050211357427752
823,823,823,700,0.9,0.2,0.2103719009426977
824,824,824,700,0.9,0.25,0.15080919254939
825,825,825,700,0.9,0.3,0.112250562152027
826,826,826,700,0.9,0.35,0.086338544765735
827,827,827,700,0.9,0.4,0.068237002410932
828,828,828,700,0.9,0.45,0.0551920267453321
829,829,829,700,0.9,0.5,0.0455006169275442
830,830,830,700,0.9,0.55,0.0381186788733377
831,831,831,700,0.9,0.6,0.0323795492462442
832,832,832,700,0.9,0.65,0.0278350451155473
833,833,833,700,0.9,0.7,0.0241899718228812
834,834,834,700,0.9,0.75,0.0212266236278084
835,835,835,700,0.9,0.8,0.0187863754488942
836,836,836,700,0.9,0.85,0.016750961922078
837,837,837,700,0.9,0.9,0.0150345503054378
838,838,838,700,0.9,0.95,0.0135725817613097
839,839,839,700,0.9,1.0,0.0123191729486706
840,840,840,700,0.95,0.0,0.951254490630228
841,841,841,700,0.95,0.05,0.6651457618910163
842,842,842,700,0.95,0.1,0.4220089247307528
843,843,843,700,0.95,0.15,0.2699508085691278
844,844,844,700,0.95,0.2,0.1797669172424165
845,845,845,700,0.95,0.25,0.1253151748335298
846,846,846,700,0.95,0.3,0.0909859458153114
847,847,847,700,0.95,0.35,0.0683274557095043
848,848,848,700,0.95,0.4,0.0527737948941786
849,849,849,700,0.95,0.45,0.0417074709367703
850,850,850,700,0.95,0.5,0.0335562873682624
851,851,851,700,0.95,0.55,0.0273642185830743
852,852,852,700,0.95,0.6,0.0225785244763045
853,853,853,700,0.95,0.65,0.0188224652424169
854,854,854,700,0.95,0.7,0.0158250961886479
855,855,855,700,0.95,0.75,0.0133983292487574
856,856,856,700,0.95,0.8,0.0114044691328368
857,857,857,700,0.95,0.85,0.009746447798194
858,858,858,700,0.95,0.9,0.008349812009205
859,859,859,700,0.95,0.95,0.0071663291743098
860,860,860,700,0.95,1.0,0.0061565190751562
861,861,861,700,1.0,0.0,1.0
862,862,862,700,1.0,0.05,0.6382075346818622
863,863,863,700,1.0,0.1,0.3822949822832268
864,864,864,700,1.0,0.15,0.2335757387267911
865,865,865,700,1.0,0.2,0.150231247315427
866,866,866,700,1.0,0.25,0.1017767765593177
867,867,867,700,1.0,0.3,0.0720233788851933
868,868,868,700,1.0,0.35,0.0527230530012533
869,869,869,700,1.0,0.4,0.0396567660123181
870,870,870,700,1.0,0.45,0.0304537567001247
871,871,871,700,1.0,0.5,0.0237037988038676
872,872,872,700,1.0,0.55,0.0186125672518754
873,873,873,700,1.0,0.6,0.0147067215956901
874,874,874,700,1.0,0.65,0.0116537402108252
875,875,875,700,1.0,0.7,0.0092238886309893
876,876,876,700,1.0,0.75,0.0072604828597478
877,877,877,700,1.0,0.8,0.0056517574669562
878,878,878,700,1.0,0.85,0.0043150085417531
879,879,879,700,1.0,0.9,0.0031962078098754
880,880,880,700,1.0,0.95,0.0022501681589804
881,881,881,700,1.0,1.0,0.0014446127088648
882,882,882,900,0.0,0.0,0.2124278499737121
883,883,883,900,0.0,0.05,0.2077618178181756
884,884,884,900,0.0,0.1,0.1917508019831892
885,885,885,900,0.0,0.15,0.1746221232375561
886,886,886,900,0.0,0.2,0.1597261947415453
887,887,887,900,0.0,0.25,0.1472647583792347
888,888,888,900,0.0,0.3,0.136997577299214
889,889,889,900,0.0,0.35,0.1287165223564038
890,890,890,900,0.0,0.4,0.1220928350246632
891,891,891,900,0.0,0.45,0.1167618058022483
892,892,892,900,0.0,0.5,0.1124241873164467
893,893,893,900,0.0,0.55,0.1088101392242337
894,894,894,900,0.0,0.6,0.1055377553892911
895,895,895,900,0.0,0.65,0.1026236602977937
896,896,896,900,0.0,0.7,0.1001067242769719
897,897,897,900,0.0,0.75,0.09786836359149
898,898,898,900,0.0,0.8,0.095775562214435
899,899,899,900,0.0,0.85,0.0938710472716655
900,900,900,900,0.0,0.9,0.092155903043813
901,901,901,900,0.0,0.95,0.090603937804847
902,902,902,900,0.0,1.0,0.0892080773422251
903,903,903,900,0.05,0.0,0.2281820471787106
904,904,904,900,0.05,0.05,0.2225557661579755
905,905,905,900,0.05,0.1,0.2048384204565204
906,906,906,900,0.05,0.15,0.1859150266717777
907,907,907,900,0.05,0.2,0.1694910805312502
908,908,908,900,0.05,0.25,0.1557455371154326
909,909,909,900,0.05,0.3,0.1444408529709177
910,910,910,900,0.05,0.35,0.135347694230261
911,911,911,900,0.05,0.4,0.1280802766802337
912,912,912,900,0.05,0.45,0.1222315371576532
913,913,913,900,0.05,0.5,0.1174754141428295
914,914,914,900,0.05,0.55,0.1135548087560024
915,915,915,900,0.05,0.6,0.1100205823510303
916,916,916,900,0.05,0.65,0.1068350020575876
917,917,917,900,0.05,0.7,0.1040850266651995
918,918,918,900,0.05,0.75,0.1017072660150015
919,919,919,900,0.05,0.8,0.0995126506199917
920,920,920,900,0.05,0.85,0.0975323086456979
921,921,921,900,0.05,0.9,0.0957080236420688
922,922,922,900,0.05,0.95,0.0940958536578144
923,923,923,900,0.05,1.0,0.0926174334705293
924,924,924,900,0.1,0.0,0.24573640529838
925,925,925,900,0.1,0.05,0.2388933460933427
926,926,926,900,0.1,0.1,0.2191082767008041
927,927,927,900,0.1,0.15,0.1980555807735585
928,928,928,900,0.1,0.2,0.1797831452080699
929,929,929,900,0.1,0.25,0.1645868799430315
930,930,930,900,0.1,0.3,0.1521085849819389
931,931,931,900,0.1,0.35,0.1420862287683539
932,932,932,900,0.1,0.4,0.1340777794167194
933,933,933,900,0.1,0.45,0.12763605077734
934,934,934,900,0.1,0.5,0.1224061617392161
935,935,935,900,0.1,0.55,0.1180793371869573
936,936,936,900,0.1,0.6,0.11429617034423
937,937,937,900,0.1,0.65,0.1107964732519184
938,938,938,900,0.1,0.7,0.1078070216741704
939,939,939,900,0.1,0.75,0.1052147341536104
940,940,940,900,0.1,0.8,0.1029063184085688
941,941,941,900,0.1,0.85,0.1007947024850435
942,942,942,900,0.1,0.9,0.0989397503705315
943,943,943,900,0.1,0.95,0.0972396626354104
944,944,944,900,0.1,1.0,0.0957006200755462
945,945,945,900,0.15,0.0,0.2653079569303711
946,946,946,900,0.15,0.05,0.256933709504878
947,947,947,900,0.15,0.1,0.2346117391268979
948,948,948,900,0.15,0.15,0.2109973541694242
949,949,949,900,0.15,0.2,0.190555460420608
950,950,950,900,0.15,0.25,0.1736251309373488
951,951,951,900,0.15,0.3,0.1597927797162107
952,952,952,900,0.15,0.35,0.1486780409996465
953,953,953,900,0.15,0.4,0.1398241914750482
954,954,954,900,0.15,0.45,0.1327094265008799
955,955,955,900,0.15,0.5,0.1269385969455261
956,956,956,900,0.15,0.55,0.1221417534404762
957,957,957,900,0.15,0.6,0.1179447343426794
958,958,958,900,0.15,0.65,0.114178677316039
959,959,959,900,0.15,0.7,0.110952401427044
960,960,960,900,0.15,0.75,0.1081473553868493
961,961,961,900,0.15,0.8,0.1056469631313723
962,962,962,900,0.15,0.85,0.1034515456122183
963,963,963,900,0.15,0.9,0.1014938171314239
964,964,964,900,0.15,0.95,0.0997256140480888
965,965,965,900,0.15,1.0,0.0981254973439389
966,966,966,900,0.2,0.0,0.2871572202605015
967,967,967,900,0.2,0.05,0.2768233065578826
968,968,968,900,0.2,0.1,0.2513461515263926
969,969,969,900,0.2,0.15,0.2246633224229037
970,970,970,900,0.2,0.2,0.2016361362460177
971,971,971,900,0.2,0.25,0.1826063619905076
972,972,972,900,0.2,0.3,0.1672343179693571
973,973,973,900,0.2,0.35,0.1549216540816107
974,974,974,900,0.2,0.4,0.1451048990961509
975,975,975,900,0.2,0.45,0.1372257155907351
976,976,976,900,0.2,0.5,0.1308258411122665
977,977,977,900,0.2,0.55,0.1254565093420559
978,978,978,900,0.2,0.6,0.1207939042584334
979,979,979,900,0.2,0.65,0.1167691535145876
980,980,980,900,0.2,0.7,0.1132576721816859
981,981,981,900,0.2,0.75,0.1101956181043712
982,982,982,900,0.2,0.8,0.1075204645341051
983,983,983,900,0.2,0.85,0.1051486044940094
984,984,984,900,0.2,0.9,0.1030616227122111
985,985,985,900,0.2,0.95,0.1011918403574645
986,986,986,900,0.2,1.0,0.0995121202182252
987,987,987,900,0.25,0.0,0.3115428505824181
988,988,988,900,0.25,0.05,0.2987177416215033
989,989,989,900,0.25,0.1,0.2692772336397423
990,990,990,900,0.25,0.15,0.2389206125387297
991,991,991,900,0.25,0.2,0.2127324875044268
992,992,992,900,0.25,0.25,0.1913202879845102
993,993,993,900,0.25,0.3,0.1741276044401002
994,994,994,900,0.25,0.35,0.1604548598438469
995,995,995,900,0.25,0.4,0.1495773138502479
996,996,996,900,0.25,0.45,0.1408195094362898
997,997,997,900,0.25,0.5,0.1336457386427531
998,998,998,900,0.25,0.55,0.1276784167720218
999,999,999,900,0.25,0.6,0.1225441011759288
1000,1000,1000,900,0.25,0.65,0.118173408699357
1001,1001,1001,900,0.25,0.7,0.1143887402579175
1002,1002,1002,900,0.25,0.75,0.1110573805934837
1003,1003,1003,900,0.25,0.8,0.1081523753479261
1004,1004,1004,900,0.25,0.85,0.1055813537292877
1005,1005,1005,900,0.25,0.9,0.1033491824234486
1006,1006,1006,900,0.25,0.95,0.1013800158935542
1007,1007,1007,900,0.25,1.0,0.0996270112821241
1008,1008,1008,900,0.3,0.0,0.3387445893529273
1009,1009,1009,900,0.3,0.05,0.3227799470915061
1010,1010,1010,900,0.3,0.1,0.2883997370565827
1011,1011,1011,900,0.3,0.15,0.2535327567031821
1012,1012,1012,900,0.3,0.2,0.2236246179112692
1013,1013,1013,900,0.3,0.25,0.1993913850755113
1014,1014,1014,900,0.3,0.3,0.1801099249271
1015,1015,1015,900,0.3,0.35,0.1648347961565635
1016,1016,1016,900,0.3,0.4,0.152719665013768
1017,1017,1017,900,0.3,0.45,0.143014555678047
1018,1018,1018,900,0.3,0.5,0.1350184176569177
1019,1019,1019,900,0.3,0.55,0.1283958539124331
1020,1020,1020,900,0.3,0.6,0.1227603910247623
1021,1021,1021,900,0.3,0.65,0.1180010972317058
1022,1022,1022,900,0.3,0.7,0.1138525126071683
1023,1023,1023,900,0.3,0.75,0.1102883046216115
1024,1024,1024,900,0.3,0.8,0.10719205320088
1025,1025,1025,900,0.3,0.85,0.1044473867138312
1026,1026,1026,900,0.3,0.9,0.1020580641890002
1027,1027,1027,900,0.3,0.95,0.0999559449818232
1028,1028,1028,900,0.3,1.0,0.0980888319291195
1029,1029,1029,900,0.35,0.0,0.3689819036991933
1030,1030,1030,900,0.35,0.05,0.3491511637620217
1031,1031,1031,900,0.35,0.1,0.3086094087032696
1032,1032,1032,900,0.35,0.15,0.2682037771292077
1033,1033,1033,900,0.35,0.2,0.2339034419932864
1034,1034,1034,900,0.35,0.25,0.2064128286056699
1035,1035,1035,900,0.35,0.3,0.1847320279154205
1036,1036,1036,900,0.35,0.35,0.1676684351762211
1037,1037,1037,900,0.35,0.4,0.1541940005051413
1038,1038,1038,900,0.35,0.45,0.1433554266957714
1039,1039,1039,900,0.35,0.5,0.1345223217295096
1040,1040,1040,900,0.35,0.55,0.1272754331689202
1041,1041,1041,900,0.35,0.6,0.1211344326214652
1042,1042,1042,900,0.35,0.65,0.1159151007147324
1043,1043,1043,900,0.35,0.7,0.1114283340497398
1044,1044,1044,900,0.35,0.75,0.1076189989669292
1045,1045,1045,900,0.35,0.8,0.1043341158610655
1046,1046,1046,900,0.35,0.85,0.1014423800966162
1047,1047,1047,900,0.35,0.9,0.0988942045761878
1048,1048,1048,900,0.35,0.95,0.096665406105037
1049,1049,1049,900,0.35,1.0,0.0946821008525197
1050,1050,1050,900,0.4,0.0,0.4026805158228716
1051,1051,1051,900,0.4,0.05,0.3779258944376443
1052,1052,1052,900,0.4,0.1,0.3296587594585451
1053,1053,1053,900,0.4,0.15,0.2825300731564903
1054,1054,1054,900,0.4,0.2,0.2431184396515591
1055,1055,1055,900,0.4,0.25,0.2119457741160882
1056,1056,1056,900,0.4,0.3,0.1875435613129828
1057,1057,1057,900,0.4,0.35,0.168535536838821
1058,1058,1058,900,0.4,0.4,0.1535738149398046
1059,1059,1059,900,0.4,0.45,0.1415574362349212
1060,1060,1060,900,0.4,0.5,0.1318810086478924
1061,1061,1061,900,0.4,0.55,0.1239429445902076
1062,1062,1062,900,0.4,0.6,0.1172458130169089
1063,1063,1063,900,0.4,0.65,0.1116541081350662
1064,1064,1064,900,0.4,0.7,0.1069134497865164
1065,1065,1065,900,0.4,0.75,0.102859588837884
1066,1066,1066,900,0.4,0.8,0.0993646214260044
1067,1067,1067,900,0.4,0.85,0.0963238835388396
1068,1068,1068,900,0.4,0.9,0.0936584355735309
1069,1069,1069,900,0.4,0.95,0.0913209880571214
1070,1070,1070,900,0.4,1.0,0.0892543836149155
1071,1071,1071,900,0.45,0.0,0.4404291586355463
1072,1072,1072,900,0.45,0.05,0.4092015728287634
1073,1073,1073,900,0.45,0.1,0.3512064917714499
1074,1074,1074,900,0.45,0.15,0.2959989793208341
1075,1075,1075,900,0.45,0.2,0.2507329819073998
1076,1076,1076,900,0.45,0.25,0.2154319635583236
1077,1077,1077,900,0.45,0.3,0.1881546765762688
1078,1078,1078,900,0.45,0.35,0.167109460932739
1079,1079,1079,900,0.45,0.4,0.1505830566832762
1080,1080,1080,900,0.45,0.45,0.1374514533423814
1081,1081,1081,900,0.45,0.5,0.1269490407240369
1082,1082,1082,900,0.45,0.55,0.118283519125509
1083,1083,1083,900,0.45,0.6,0.1111427466375068
1084,1084,1084,900,0.45,0.65,0.1052093487879914
1085,1085,1085,900,0.45,0.7,0.1002378616561204
1086,1086,1086,900,0.45,0.75,0.095971765179096
1087,1087,1087,900,0.45,0.8,0.0922811964723199
1088,1088,1088,900,0.45,0.85,0.0891188261328156
1089,1089,1089,900,0.45,0.9,0.0863919217072645
1090,1090,1090,900,0.45,0.95,0.0840137274657607
1091,1091,1091,900,0.45,1.0,0.0819111647450506
1092,1092,1092,900,0.5,0.0,0.4825160854142513
1093,1093,1093,900,0.5,0.05,0.4428429046193045
1094,1094,1094,900,0.5,0.1,0.3727764680554501
1095,1095,1095,900,0.5,0.15,0.3080404818634994
1096,1096,1096,900,0.5,0.2,0.2562310644421596
1097,1097,1097,900,0.5,0.25,0.2165217621980723
1098,1098,1098,900,0.5,0.3,0.1863444153689049
1099,1099,1099,900,0.5,0.35,0.1631603620432156
1100,1100,1100,900,0.5,0.4,0.145140238767604
1101,1101,1101,900,0.5,0.45,0.1310425684308213
1102,1102,1102,900,0.5,0.5,0.1197350790621805
1103,1103,1103,900,0.5,0.55,0.1105706001534174
1104,1104,1104,900,0.5,0.6,0.1031128011505306
1105,1105,1105,900,0.5,0.65,0.0969298056000871
1106,1106,1106,900,0.5,0.7,0.0917420148296457
1107,1107,1107,900,0.5,0.75,0.0873263969831287
1108,1108,1108,900,0.5,0.8,0.0835588243537224
1109,1109,1109,900,0.5,0.85,0.080341592535092
1110,1110,1110,900,0.5,0.9,0.0775721054685094
1111,1111,1111,900,0.5,0.95,0.0751511615872565
1112,1112,1112,900,0.5,1.0,0.0730300740250991
1113,1113,1113,900,0.55,0.0,0.5289673246930592
1114,1114,1114,900,0.55,0.05,0.4785322685256607
1115,1115,1115,900,0.55,0.1,0.3936881574133337
1116,1116,1116,900,0.55,0.15,0.3180309974708856
1117,1117,1117,900,0.55,0.2,0.2591214425284647
1118,1118,1118,900,0.55,0.25,0.2149241391853266
1119,1119,1119,900,0.55,0.3,0.1817775224213905
1120,1120,1120,900,0.55,0.35,0.1566734781273377
1121,1121,1121,900,0.55,0.4,0.1374857560439251
1122,1122,1122,900,0.55,0.45,0.1224806322230719
1123,1123,1123,900,0.55,0.5,0.1106606489488519
1124,1124,1124,900,0.55,0.55,0.101185029532162
1125,1125,1125,900,0.55,0.6,0.0935308558812789
1126,1126,1126,900,0.55,0.65,0.0872200873289898
1127,1127,1127,900,0.55,0.7,0.0819468320618917
1128,1128,1128,900,0.55,0.75,0.0775172543765115
1129,1129,1129,900,0.55,0.8,0.0737500856447996
1130,1130,1130,900,0.55,0.85,0.0705356767388204
1131,1131,1131,900,0.55,0.9,0.0677859104682502
1132,1132,1132,900,0.55,0.95,0.0654004289189631
1133,1133,1133,900,0.55,1.0,0.0633065399844639
1134,1134,1134,900,0.6,0.0,0.5787923740107469
1135,1135,1135,900,0.6,0.05,0.5150590105131969
1136,1136,1136,900,0.6,0.1,0.4129152499035328
1137,1137,1137,900,0.6,0.15,0.3252250326957473
1138,1138,1138,900,0.6,0.2,0.2589458519619819
1139,1139,1139,900,0.6,0.25,0.2103101285722913
1140,1140,1140,900,0.6,0.3,0.1745442377852087
1141,1141,1141,900,0.6,0.35,0.147893305752915
1142,1142,1142,900,0.6,0.4,0.1277314332751343
1143,1143,1143,900,0.6,0.45,0.112305923957253
1144,1144,1144,900,0.6,0.5,0.1002472271352072
1145,1145,1145,900,0.6,0.55,0.0906638654177092
1146,1146,1146,900,0.6,0.6,0.0829596676897312
1147,1147,1147,900,0.6,0.65,0.0766931350297406
1148,1148,1148,900,0.6,0.7,0.0714805170062917
1149,1149,1149,900,0.6,0.75,0.0671189194565786
1150,1150,1150,900,0.6,0.8,0.063426534780576
1151,1151,1151,900,0.6,0.85,0.0602802639095451
1152,1152,1152,900,0.6,0.9,0.0575811547202559
1153,1153,1153,900,0.6,0.95,0.055257384536426
1154,1154,1154,900,0.6,1.0,0.0532455015832806
1155,1155,1155,900,0.65,0.0,0.6311602517654952
1156,1156,1156,900,0.65,0.05,0.5507497093483962
1157,1157,1157,900,0.65,0.1,0.4289444329178117
1158,1158,1158,900,0.65,0.15,0.3286394129240561
1159,1159,1159,900,0.65,0.2,0.2551753289418807
1160,1160,1160,900,0.65,0.25,0.2026286736964311
1161,1161,1161,900,0.65,0.3,0.1647435438220427
1162,1162,1162,900,0.65,0.35,0.1370650026176767
1163,1163,1163,900,0.65,0.4,0.1165558522198464
1164,1164,1164,900,0.65,0.45,0.1010123046376566
1165,1165,1165,900,0.65,0.5,0.0889676315420096
1166,1166,1166,900,0.65,0.55,0.0795082757582516
1167,1167,1167,900,0.65,0.6,0.0719869747717033
1168,1168,1168,900,0.65,0.65,0.0658731831689129
1169,1169,1169,900,0.65,0.7,0.060838063983735
1170,1170,1170,900,0.65,0.75,0.0566602373184205
1171,1171,1171,900,0.65,0.8,0.0531622848889273
1172,1172,1172,900,0.65,0.85,0.0501768045519665
1173,1173,1173,900,0.65,0.9,0.0476249199984671
1174,1174,1174,900,0.65,0.95,0.0454270959364079
1175,1175,1175,900,0.65,1.0,0.0435181592063968
1176,1176,1176,900,0.7,0.0,0.6837383945783367
1177,1177,1177,900,0.7,0.05,0.5833195982676607
1178,1178,1178,900,0.7,0.1,0.4404133289444598
1179,1179,1179,900,0.7,0.15,0.3275942353089789
1180,1180,1180,900,0.7,0.2,0.2477809488494266
1181,1181,1181,900,0.7,0.25,0.1919672503550675
1182,1182,1182,900,0.7,0.3,0.152847639664705
1183,1183,1183,900,0.7,0.35,0.1249178149532784
1184,1184,1184,900,0.7,0.4,0.1044280834480908
1185,1185,1185,900,0.7,0.45,0.0890988134787436
1186,1186,1186,900,0.7,0.5,0.0774087160544824
1187,1187,1187,900,0.7,0.55,0.068333267554124
1188,1188,1188,900,0.7,0.6,0.0611024113133899
1189,1189,1189,900,0.7,0.65,0.0552735253297389
1190,1190,1190,900,0.7,0.7,0.0505344192587244
1191,1191,1191,900,0.7,0.75,0.0466255173537033
1192,1192,1192,900,0.7,0.8,0.0433638902436354
1193,1193,1193,900,0.7,0.85,0.04059966409853
1194,1194,1194,900,0.7,0.9,0.0382379967115491
1195,1195,1195,900,0.7,0.95,0.0362135575317525
1196,1196,1196,900,0.7,1.0,0.0344650819513583
1197,1197,1197,900,0.75,0.0,0.7360348559011224
1198,1198,1198,900,0.75,0.05,0.611346036682113
1199,1199,1199,900,0.75,0.1,0.4463663583990266
1200,1200,1200,900,0.75,0.15,0.3219800063991484
1201,1201,1201,900,0.75,0.2,0.2366214017785762
1202,1202,1202,900,0.75,0.25,0.1790431822742172
1203,1203,1203,900,0.75,0.3,0.139608778611631
1204,1204,1204,900,0.75,0.35,0.1118648140669093
1205,1205,1205,900,0.75,0.4,0.0919437313410733
1206,1206,1206,900,0.75,0.45,0.07723975585736
1207,1207,1207,900,0.75,0.5,0.066136304866065
1208,1208,1208,900,0.75,0.55,0.0575398112072011
1209,1209,1209,900,0.75,0.6,0.0507696805981725
1210,1210,1210,900,0.75,0.65,0.0453673347957097
1211,1211,1211,900,0.75,0.7,0.0409958259706239
1212,1212,1212,900,0.75,0.75,0.037376422430587
1213,1213,1213,900,0.75,0.8,0.0343724460051076
1214,1214,1214,900,0.75,0.85,0.0318482967288156
1215,1215,1215,900,0.75,0.9,0.0296916903314066
1216,1216,1216,900,0.75,0.95,0.0278411567352624
1217,1217,1217,900,0.75,1.0,0.0262401354691198
1218,1218,1218,900,0.8,0.0,0.788199057027908
1219,1219,1219,900,0.8,0.05,0.633810090828653
1220,1220,1220,900,0.8,0.1,0.4463567296638258
1221,1221,1221,900,0.8,0.15,0.3114563767237797
1222,1222,1222,900,0.8,0.2,0.2225465056061207
1223,1223,1223,900,0.8,0.25,0.164315302307957
1224,1224,1224,900,0.8,0.3,0.1254211079621973
1225,1225,1225,900,0.8,0.35,0.098699220722459
1226,1226,1226,900,0.8,0.4,0.0797606496597444
1227,1227,1227,900,0.8,0.45,0.065929393189938
1228,1228,1228,900,0.8,0.5,0.0555577554165311
1229,1229,1229,900,0.8,0.55,0.0476332564015011
1230,1230,1230,900,0.8,0.6,0.0414305593316449
1231,1231,1231,900,0.8,0.65,0.0364761311475554
1232,1232,1232,900,0.8,0.7,0.0324726865136955
1233,1233,1233,900,0.8,0.75,0.029176590623653
1234,1234,1234,900,0.8,0.8,0.0264285080471295
1235,1235,1235,900,0.8,0.85,0.0241317954967467
1236,1236,1236,900,0.8,0.9,0.0221937370480148
1237,1237,1237,900,0.8,0.95,0.0205417986468973
1238,1238,1238,900,0.8,1.0,0.0191228781908709
1239,1239,1239,900,0.85,0.0,0.8404371455094101
1240,1240,1240,900,0.85,0.05,0.6494441355908963
1241,1241,1241,900,0.85,0.1,0.4398943879654194
1242,1242,1242,900,0.85,0.15,0.2966718288116263
1243,1243,1243,900,0.85,0.2,0.2060148719489878
1244,1244,1244,900,0.85,0.25,0.1486160400782276
1245,1245,1245,900,0.85,0.3,0.1112391025607726
1246,1246,1246,900,0.85,0.35,0.0859872240576414
1247,1247,1247,900,0.85,0.4,0.0683035936801997
1248,1248,1248,900,0.85,0.45,0.0555092433359585
1249,1249,1249,900,0.85,0.5,0.0460269569213994
1250,1250,1250,900,0.85,0.55,0.0388088770896211
1251,1251,1251,900,0.85,0.6,0.0331869773234528
1252,1252,1252,900,0.85,0.65,0.0287010886507397
1253,1253,1253,900,0.85,0.7,0.0250697081191107
1254,1254,1254,900,0.85,0.75,0.0221103253021823
1255,1255,1255,900,0.85,0.8,0.0196703019761173
1256,1256,1256,900,0.85,0.85,0.0176362578264125
1257,1257,1257,900,0.85,0.9,0.0159239639970134
1258,1258,1258,900,0.85,0.95,0.0144697757718548
1259,1259,1259,900,0.85,1.0,0.0132248537498863
1260,1260,1260,900,0.9,0.0,0.8929841687450962
1261,1261,1261,900,0.9,0.05,0.6567251601911426
1262,1262,1262,900,0.9,0.1,0.4268553854428602
1263,1263,1263,900,0.9,0.15,0.278222396588103
1264,1264,1264,900,0.9,0.2,0.1880285420090769
1265,1265,1265,900,0.9,0.25,0.1326606894285429
1266,1266,1266,900,0.9,0.3,0.0973915510819179
1267,1267,1267,900,0.9,0.35,0.0739191610716848
1268,1268,1268,900,0.9,0.4,0.0577022968417874
1269,1269,1269,900,0.9,0.45,0.0460980988936155
1270,1270,1270,900,0.9,0.5,0.0375454536000492
1271,1271,1271,900,0.9,0.55,0.0310599182141783
1272,1272,1272,900,0.9,0.6,0.0259942912334677
1273,1273,1273,900,0.9,0.65,0.0220065191955943
1274,1274,1274,900,0.9,0.7,0.0188171193321164
1275,1275,1275,900,0.9,0.75,0.0162178884469763
1276,1276,1276,900,0.9,0.8,0.0140761435525924
1277,1277,1277,900,0.9,0.85,0.0122853940512325
1278,1278,1278,900,0.9,0.9,0.0107806123927278
1279,1279,1279,900,0.9,0.95,0.0095053466612828
1280,1280,1280,900,0.9,1.0,0.0084157257276406
1281,1281,1281,900,0.95,0.0,0.9460890928556508
1282,1282,1282,900,0.95,0.05,0.6536667615574032
1283,1283,1283,900,0.95,0.1,0.4075482584600974
1284,1284,1284,900,0.95,0.15,0.2569755351071139
1285,1285,1285,900,0.95,0.2,0.1692908187081096
1286,1286,1286,900,0.95,0.25,0.1169828887163346
1287,1287,1287,900,0.95,0.3,0.0842827155450888
1288,1288,1288,900,0.95,0.35,0.0628627192601222
1289,1289,1289,900,0.95,0.4,0.0481968674236608
1290,1290,1290,900,0.95,0.45,0.037749876147189
1291,1291,1291,900,0.95,0.5,0.0301035248712349
1292,1292,1292,900,0.95,0.55,0.0243222413698774
1293,1293,1293,900,0.95,0.6,0.0198550869829842
1294,1294,1294,900,0.95,0.65,0.0163400811200158
1295,1295,1295,900,0.95,0.7,0.01353800375548
1296,1296,1296,900,0.95,0.75,0.0112678764706706
1297,1297,1297,900,0.95,0.8,0.0093982763912354
1298,1298,1298,900,0.95,0.85,0.0078481080535071
1299,1299,1299,900,0.95,0.9,0.0065494840561099
1300,1300,1300,900,0.95,0.95,0.0054514775349872
1301,1301,1301,900,0.95,1.0,0.0045153543943176
1302,1302,1302,900,1.0,0.0,1.0
1303,1303,1303,900,1.0,0.05,0.6382075346818622
1304,1304,1304,900,1.0,0.1,0.3822949822832268
1305,1305,1305,900,1.0,0.15,0.2335757387267911
1306,1306,1306,900,1.0,0.2,0.150231247315427
1307,1307,1307,900,1.0,0.25,0.1017767765593177
1308,1308,1308,900,1.0,0.3,0.0720233788851933
1309,1309,1309,900,1.0,0.35,0.0527230530012533
1310,1310,1310,900,1.0,0.4,0.0396567660123181
1311,1311,1311,900,1.0,0.45,0.0304537567001247
1312,1312,1312,900,1.0,0.5,0.0237037988038676
1313,1313,1313,900,1.0,0.55,0.0186125672518754
1314,1314,1314,900,1.0,0.6,0.0147067215956901
1315,1315,1315,900,1.0,0.65,0.0116537402108252
1316,1316,1316,900,1.0,0.7,0.0092238886309893
1317,1317,1317,900,1.0,0.75,0.0072604828597478
1318,1318,1318,900,1.0,0.8,0.0056517574669562
1319,1319,1319,900,1.0,0.85,0.0043150085417531
1320,1320,1320,900,1.0,0.9,0.0031962078098754
1321,1321,1321,900,1.0,0.95,0.0022501681589804
1322,1322,1322,900,1.0,1.0,0.0014446127088648
1323,1323,1323,1100,0.0,0.0,0.0651578567288195
1324,1324,1324,1100,0.0,0.05,0.0680849208889175
1325,1325,1325,1100,0.0,0.1,0.0690266964550758
1326,1326,1326,1100,0.0,0.15,0.06992654300897
1327,1327,1327,1100,0.0,0.2,0.0705828165842195
1328,1328,1328,1100,0.0,0.25,0.0709097091737427
1329,1329,1329,1100,0.0,0.3,0.0707199046846662
1330,1330,1330,1100,0.0,0.35,0.0700628698998509
1331,1331,1331,1100,0.0,0.4,0.0691765740851256
1332,1332,1332,1100,0.0,0.45,0.0680218058648078
1333,1333,1333,1100,0.0,0.5,0.0666711764481587
1334,1334,1334,1100,0.0,0.55,0.0653899627804677
1335,1335,1335,1100,0.0,0.6,0.0641840409729985
1336,1336,1336,1100,0.0,0.65,0.0629337382945149
1337,1337,1337,1100,0.0,0.7,0.06178998159942
1338,1338,1338,1100,0.0,0.75,0.0607483322818743
1339,1339,1339,1100,0.0,0.8,0.0597625346820215
1340,1340,1340,1100,0.0,0.85,0.0587761575706614
1341,1341,1341,1100,0.0,0.9,0.0578599501292137
1342,1342,1342,1100,0.0,0.95,0.0570533006173549
1343,1343,1343,1100,0.0,1.0,0.0563248316476986
1344,1344,1344,1100,0.05,0.0,0.0775944241568922
1345,1345,1345,1100,0.05,0.05,0.0798560069991174
1346,1346,1346,1100,0.05,0.1,0.0792950787620078
1347,1347,1347,1100,0.05,0.15,0.078605207078734
1348,1348,1348,1100,0.05,0.2,0.0778553047752608
1349,1349,1349,1100,0.05,0.25,0.0770182066531824
1350,1350,1350,1100,0.05,0.3,0.0759604869178285
1351,1351,1351,1100,0.05,0.35,0.0747227744104124
1352,1352,1352,1100,0.05,0.4,0.0733560416260384
1353,1353,1353,1100,0.05,0.45,0.0719371602373529
1354,1354,1354,1100,0.05,0.5,0.0703741250754637
1355,1355,1355,1100,0.05,0.55,0.0688924306488474
1356,1356,1356,1100,0.05,0.6,0.0675140991631981
1357,1357,1357,1100,0.05,0.65,0.0661725472160374
1358,1358,1358,1100,0.05,0.7,0.0649081682269435
1359,1359,1359,1100,0.05,0.75,0.0637465960908886
1360,1360,1360,1100,0.05,0.8,0.0626888742191563
1361,1361,1361,1100,0.05,0.85,0.061701287115493
1362,1362,1362,1100,0.05,0.9,0.0607427389703044
1363,1363,1363,1100,0.05,0.95,0.0598608048699271
1364,1364,1364,1100,0.05,1.0,0.0590845581844582
1365,1365,1365,1100,0.1,0.0,0.0922821477907422
1366,1366,1366,1100,0.1,0.05,0.0936921460190531
1367,1367,1367,1100,0.1,0.1,0.0911849247443573
1368,1368,1368,1100,0.1,0.15,0.0885099549128292
1369,1369,1369,1100,0.1,0.2,0.0859858474083202
1370,1370,1370,1100,0.1,0.25,0.083756143053905
1371,1371,1371,1100,0.1,0.3,0.0816081810429478
1372,1372,1372,1100,0.1,0.35,0.0796618449671357
1373,1373,1373,1100,0.1,0.4,0.0777070890023947
1374,1374,1374,1100,0.1,0.45,0.0758459962214554
1375,1375,1375,1100,0.1,0.5,0.0740361302815176
1376,1376,1376,1100,0.1,0.55,0.0723207337746549
1377,1377,1377,1100,0.1,0.6,0.0707056522727673
1378,1378,1378,1100,0.1,0.65,0.0692207639287197
1379,1379,1379,1100,0.1,0.7,0.0678719467781994
1380,1380,1380,1100,0.1,0.75,0.0666138192929914
1381,1381,1381,1100,0.1,0.8,0.0654431880684391
1382,1382,1382,1100,0.1,0.85,0.0644040701464772
1383,1383,1383,1100,0.1,0.9,0.0634141225715799
1384,1384,1384,1100,0.1,0.95,0.0625155240414787
1385,1385,1385,1100,0.1,1.0,0.0616939366351391
1386,1386,1386,1100,0.15,0.0,0.1096766144416054
1387,1387,1387,1100,0.15,0.05,0.1099576239340563
1388,1388,1388,1100,0.15,0.1,0.1049275311736888
1389,1389,1389,1100,0.15,0.15,0.0997717645293115
1390,1390,1390,1100,0.15,0.2,0.0950170419388251
1391,1391,1391,1100,0.15,0.25,0.0910774965055821
1392,1392,1392,1100,0.15,0.3,0.0876327714236745
1393,1393,1393,1100,0.15,0.35,0.084746801546745
1394,1394,1394,1100,0.15,0.4,0.0821115772134003
1395,1395,1395,1100,0.15,0.45,0.0797115202204488
1396,1396,1396,1100,0.15,0.5,0.0775248950872489
1397,1397,1397,1100,0.15,0.55,0.075491867337529
1398,1398,1398,1100,0.15,0.6,0.0736737008222609
1399,1399,1399,1100,0.15,0.65,0.0719881749824629
1400,1400,1400,1100,0.15,0.7,0.0704753829625601
1401,1401,1401,1100,0.15,0.75,0.0690727709584481
1402,1402,1402,1100,0.15,0.8,0.0678292689639968
1403,1403,1403,1100,0.15,0.85,0.0666795028880083
1404,1404,1404,1100,0.15,0.9,0.0656390544500276
1405,1405,1405,1100,0.15,0.95,0.0646973534964995
1406,1406,1406,1100,0.15,1.0,0.0638279125937981
1407,1407,1407,1100,0.2,0.0,0.130276654510472
1408,1408,1408,1100,0.2,0.05,0.1290500806306503
1409,1409,1409,1100,0.2,0.1,0.1207736486094262
1410,1410,1410,1100,0.2,0.15,0.1124770832364596
1411,1411,1411,1100,0.2,0.2,0.104981714769105
1412,1412,1412,1100,0.2,0.25,0.0989176977507996
1413,1413,1413,1100,0.2,0.3,0.093937445644035
1414,1414,1414,1100,0.2,0.35,0.0898758217517755
1415,1415,1415,1100,0.2,0.4,0.086411951814877
1416,1416,1416,1100,0.2,0.45,0.083338288419508
1417,1417,1417,1100,0.2,0.5,0.0806922239922258
1418,1418,1418,1100,0.2,0.55,0.0782579995800589
1419,1419,1419,1100,0.2,0.6,0.0761034260163934
1420,1420,1420,1100,0.2,0.65,0.0742211414809253
1421,1421,1421,1100,0.2,0.7,0.0725341233703286
1422,1422,1422,1100,0.2,0.75,0.0709968852869031
1423,1423,1423,1100,0.2,0.8,0.069623575775331
1424,1424,1424,1100,0.2,0.85,0.0683890411759925
1425,1425,1425,1100,0.2,0.9,0.0672494387735179
1426,1426,1426,1100,0.2,0.95,0.0662133500240682
1427,1427,1427,1100,0.2,1.0,0.0652707530678867
1428,1428,1428,1100,0.25,0.0,0.154788591836147
1429,1429,1429,1100,0.25,0.05,0.1513841742377661
1430,1430,1430,1100,0.25,0.1,0.1389727822230687
1431,1431,1431,1100,0.25,0.15,0.1266079979244627
1432,1432,1432,1100,0.25,0.2,0.1158153847880557
1433,1433,1433,1100,0.25,0.25,0.1071735545006969
1434,1434,1434,1100,0.25,0.3,0.1003294824279924
1435,1435,1435,1100,0.25,0.35,0.0948831285181034
1436,1436,1436,1100,0.25,0.4,0.0903762738523639
1437,1437,1437,1100,0.25,0.45,0.0865375412125655
1438,1438,1438,1100,0.25,0.5,0.0832640374501974
1439,1439,1439,1100,0.25,0.55,0.0803216236534481
1440,1440,1440,1100,0.25,0.6,0.0777822163672996
1441,1441,1441,1100,0.25,0.65,0.0755662108008719
1442,1442,1442,1100,0.25,0.7,0.0736579677542941
1443,1443,1443,1100,0.25,0.75,0.0719605700315477
1444,1444,1444,1100,0.25,0.8,0.0704741105312913
1445,1445,1445,1100,0.25,0.85,0.0690906079741634
1446,1446,1446,1100,0.25,0.9,0.0678248762671388
1447,1447,1447,1100,0.25,0.95,0.0666813204945864
1448,1448,1448,1100,0.25,1.0,0.0656780388483353
1449,1449,1449,1100,0.3,0.0,0.1839225712972258
1450,1450,1450,1100,0.3,0.05,0.1774384679784779
1451,1451,1451,1100,0.3,0.1,0.1596065143916043
1452,1452,1452,1100,0.3,0.15,0.1421317329702394
1453,1453,1453,1100,0.3,0.2,0.1273308349644414
1454,1454,1454,1100,0.3,0.25,0.1156733548373285
1455,1455,1455,1100,0.3,0.3,0.1066086338934175
1456,1456,1456,1100,0.3,0.35,0.0994953083351485
1457,1457,1457,1100,0.3,0.4,0.0937114596699424
1458,1458,1458,1100,0.3,0.45,0.0889098070366714
1459,1459,1459,1100,0.3,0.5,0.0849571961004342
1460,1460,1460,1100,0.3,0.55,0.0814480732548309
1461,1461,1461,1100,0.3,0.6,0.0784801469553973
1462,1462,1462,1100,0.3,0.65,0.0758653129847532
1463,1463,1463,1100,0.3,0.7,0.0735971729321162
1464,1464,1464,1100,0.3,0.75,0.071658711513656
1465,1465,1465,1100,0.3,0.8,0.06996319166236
1466,1466,1466,1100,0.3,0.85,0.0684560518152409
1467,1467,1467,1100,0.3,0.9,0.067126156693113
1468,1468,1468,1100,0.3,0.95,0.0659310285627736
1469,1469,1469,1100,0.3,1.0,0.0648558680223553
1470,1470,1470,1100,0.35,0.0,0.2181979932175809
1471,1471,1471,1100,0.35,0.05,0.2074526750135625
1472,1472,1472,1100,0.35,0.1,0.1826324522249603
1473,1473,1473,1100,0.35,0.15,0.1589148780103705
1474,1474,1474,1100,0.35,0.2,0.1393633987838974
1475,1475,1475,1100,0.35,0.25,0.1241515689082668
1476,1476,1476,1100,0.35,0.3,0.1123956380934382
1477,1477,1477,1100,0.35,0.35,0.1033224484268192
1478,1478,1478,1100,0.35,0.4,0.0961326484943798
1479,1479,1479,1100,0.35,0.45,0.0902886029203736
1480,1480,1480,1100,0.35,0.5,0.0854466768002473
1481,1481,1481,1100,0.35,0.55,0.0812955387997289
1482,1482,1482,1100,0.35,0.6,0.0778096302753625
1483,1483,1483,1100,0.35,0.65,0.0747813919619369
1484,1484,1484,1100,0.35,0.7,0.0722151746390197
1485,1485,1485,1100,0.35,0.75,0.0700332691149468
1486,1486,1486,1100,0.35,0.8,0.0681373977702998
1487,1487,1487,1100,0.35,0.85,0.0664454448702573
1488,1488,1488,1100,0.35,0.9,0.0649709060576668
1489,1489,1489,1100,0.35,0.95,0.063691181897133
1490,1490,1490,1100,0.35,1.0,0.0625683998403629
1491,1491,1491,1100,0.4,0.0,0.258396256749705
1492,1492,1492,1100,0.4,0.05,0.241848414253471
1493,1493,1493,1100,0.4,0.1,0.2080642528445576
1494,1494,1494,1100,0.4,0.15,0.1767017422690247
1495,1495,1495,1100,0.4,0.2,0.151472007902912
1496,1496,1496,1100,0.4,0.25,0.1320571444555339
1497,1497,1497,1100,0.4,0.3,0.1173940104419301
1498,1498,1498,1100,0.4,0.35,0.1061851107014263
1499,1499,1499,1100,0.4,0.4,0.0974572384641256
1500,1500,1500,1100,0.4,0.45,0.0903890469747749
1501,1501,1501,1100,0.4,0.5,0.084592088704911
1502,1502,1502,1100,0.4,0.55,0.0797644005103497
1503,1503,1503,1100,0.4,0.6,0.0757503271299189
1504,1504,1504,1100,0.4,0.65,0.0723578889410302
1505,1505,1505,1100,0.4,0.7,0.0694486672738566
1506,1506,1506,1100,0.4,0.75,0.067004418306176
1507,1507,1507,1100,0.4,0.8,0.0649050596679908
1508,1508,1508,1100,0.4,0.85,0.0630832698600311
1509,1509,1509,1100,0.4,0.9,0.0614626098995598
1510,1510,1510,1100,0.4,0.95,0.0600589359745922
1511,1511,1511,1100,0.4,1.0,0.0588196883273516
1512,1512,1512,1100,0.45,0.0,0.3053585533314071
1513,1513,1513,1100,0.45,0.05,0.2809379891730606
1514,1514,1514,1100,0.45,0.1,0.2356536198019286
1515,1515,1515,1100,0.45,0.15,0.1951310442441623
1516,1516,1516,1100,0.45,0.2,0.1631216996071704
1517,1517,1517,1100,0.45,0.25,0.1391353416736644
1518,1518,1518,1100,0.45,0.3,0.121304421632886
1519,1519,1519,1100,0.45,0.35,0.1078510438498807
1520,1520,1520,1100,0.45,0.4,0.0974124736057791
1521,1521,1521,1100,0.45,0.45,0.0890518710046664
1522,1522,1522,1100,0.45,0.5,0.0823335253097337
1523,1523,1523,1100,0.45,0.55,0.0768819172147096
1524,1524,1524,1100,0.45,0.6,0.072353130839455
1525,1525,1525,1100,0.45,0.65,0.0685834767385753
1526,1526,1526,1100,0.45,0.7,0.0654024586635593
1527,1527,1527,1100,0.45,0.75,0.062693300911726
1528,1528,1528,1100,0.45,0.8,0.0603835888510086
1529,1529,1529,1100,0.45,0.85,0.058417589580627
1530,1530,1530,1100,0.45,0.9,0.0567041386542676
1531,1531,1531,1100,0.45,0.95,0.0551915649376123
1532,1532,1532,1100,0.45,1.0,0.0538645459189697
1533,1533,1533,1100,0.5,0.0,0.3592602028933488
1534,1534,1534,1100,0.5,0.05,0.3244647644292764
1535,1535,1535,1100,0.5,0.1,0.2648912518673024
1536,1536,1536,1100,0.5,0.15,0.2133254315642589
1537,1537,1537,1100,0.5,0.2,0.1738699187861674
1538,1538,1538,1100,0.5,0.25,0.1449798494331281
1539,1539,1539,1100,0.5,0.3,0.1238625713220999
1540,1540,1540,1100,0.5,0.35,0.10797907283125
1541,1541,1541,1100,0.5,0.4,0.0958626673549307
1542,1542,1542,1100,0.5,0.45,0.0863345930875775
1543,1543,1543,1100,0.5,0.5,0.0787732232663334
1544,1544,1544,1100,0.5,0.55,0.0727174316303569
1545,1545,1545,1100,0.5,0.6,0.0677395416444277
1546,1546,1546,1100,0.5,0.65,0.0636231028840507
1547,1547,1547,1100,0.5,0.7,0.0601722942257231
1548,1548,1548,1100,0.5,0.75,0.0572875221986117
1549,1549,1549,1100,0.5,0.8,0.0548612482875321
1550,1550,1550,1100,0.5,0.85,0.0527948967677427
1551,1551,1551,1100,0.5,0.9,0.0509921987241276
1552,1552,1552,1100,0.5,0.95,0.0494104878092491
1553,1553,1553,1100,0.5,1.0,0.0480188735304976
1554,1554,1554,1100,0.55,0.0,0.4198448462613033
1555,1555,1555,1100,0.55,0.05,0.3716940865574667
1556,1556,1556,1100,0.55,0.1,0.2948987414096652
1557,1557,1557,1100,0.55,0.15,0.2305487340786687
1558,1558,1558,1100,0.55,0.2,0.1831206971582525
1559,1559,1559,1100,0.55,0.25,0.1492305301792634
1560,1560,1560,1100,0.55,0.3,0.1246417624249342
1561,1561,1561,1100,0.55,0.35,0.1065744168582367
1562,1562,1562,1100,0.55,0.4,0.0929224041171827
1563,1563,1563,1100,0.55,0.45,0.0823248446610975
1564,1564,1564,1100,0.55,0.5,0.0740440034595757
1565,1565,1565,1100,0.55,0.55,0.0675030363710917
1566,1566,1566,1100,0.55,0.6,0.0622114230555643
1567,1567,1567,1100,0.55,0.65,0.0578185321360745
1568,1568,1568,1100,0.55,0.7,0.0542010317379327
1569,1569,1569,1100,0.55,0.75,0.051192471238646
1570,1570,1570,1100,0.55,0.8,0.0486514371746592
1571,1571,1571,1100,0.55,0.85,0.0465014783480037
1572,1572,1572,1100,0.55,0.9,0.0446551535541733
1573,1573,1573,1100,0.55,0.95,0.0430443726927292
1574,1574,1574,1100,0.55,1.0,0.0416470361085635
1575,1575,1575,1100,0.6,0.0,0.4868088520384834
1576,1576,1576,1100,0.6,0.05,0.4217791197833237
1577,1577,1577,1100,0.6,0.1,0.3243045767564789
1578,1578,1578,1100,0.6,0.15,0.2460286371969108
1579,1579,1579,1100,0.6,0.2,0.1903914981620737
1580,1580,1580,1100,0.6,0.25,0.1513660757927371
1581,1581,1581,1100,0.6,0.3,0.1237116023984138
1582,1582,1582,1100,0.6,0.35,0.1035730956528784
1583,1583,1583,1100,0.6,0.4,0.0885931978099647
1584,1584,1584,1100,0.6,0.45,0.0772438686408092
1585,1585,1585,1100,0.6,0.5,0.0684635041060984
1586,1586,1586,1100,0.6,0.55,0.0615395845279721
1587,1587,1587,1100,0.6,0.6,0.0560170749394929
1588,1588,1588,1100,0.6,0.65,0.0515238403808748
1589,1589,1589,1100,0.6,0.7,0.0478049967612886
1590,1590,1590,1100,0.6,0.75,0.0447322575676349
1591,1591,1591,1100,0.6,0.8,0.0421654661385133
1592,1592,1592,1100,0.6,0.85,0.0399899817820628
1593,1593,1593,1100,0.6,0.9,0.038117877907668
1594,1594,1594,1100,0.6,0.95,0.0365016055469793
1595,1595,1595,1100,0.6,1.0,0.0351030348564659
1596,1596,1596,1100,0.65,0.0,0.5580490082675414
1597,1597,1597,1100,0.65,0.05,0.4726772794834917
1598,1598,1598,1100,0.65,0.1,0.3516405527519362
1599,1599,1599,1100,0.65,0.15,0.2588717554672726
1600,1600,1600,1100,0.65,0.2,0.1949696889742075
1601,1601,1601,1100,0.65,0.25,0.1513057552451868
1602,1602,1602,1100,0.65,0.3,0.120861387626119
1603,1603,1603,1100,0.65,0.35,0.0991102997375844
1604,1604,1604,1100,0.65,0.4,0.0832686568496097
1605,1605,1605,1100,0.65,0.45,0.0713906072466132
1606,1606,1606,1100,0.65,0.5,0.0622786070239769
1607,1607,1607,1100,0.65,0.55,0.0552047974917305
1608,1608,1608,1100,0.65,0.6,0.049568120864259
1609,1609,1609,1100,0.65,0.65,0.0450381325091167
1610,1610,1610,1100,0.65,0.7,0.0413403529127073
1611,1611,1611,1100,0.65,0.75,0.0382757953098154
1612,1612,1612,1100,0.65,0.8,0.035726546232007
1613,1613,1613,1100,0.65,0.85,0.033569533541153
1614,1614,1614,1100,0.65,0.9,0.0317381282587827
1615,1615,1615,1100,0.65,0.95,0.0301598355354011
1616,1616,1616,1100,0.65,1.0,0.0287912233309187
1617,1617,1617,1100,0.7,0.0,0.6306364776674014
1618,1618,1618,1100,0.7,0.05,0.5211495832649294
1619,1619,1619,1100,0.7,0.1,0.3751053079953809
1620,1620,1620,1100,0.7,0.15,0.267969048278962
1621,1621,1621,1100,0.7,0.2,0.1963716893016644
1622,1622,1622,1100,0.7,0.25,0.1487306318189787
1623,1623,1623,1100,0.7,0.3,0.1162871100963089
1624,1624,1624,1100,0.7,0.35,0.093591921725468
1625,1625,1625,1100,0.7,0.4,0.0771997384990682
1626,1626,1626,1100,0.7,0.45,0.0651031999365645
1627,1627,1627,1100,0.7,0.5,0.0559369048126703
1628,1628,1628,1100,0.7,0.55,0.0488195953310889
1629,1629,1629,1100,0.7,0.6,0.0432161579009073
1630,1630,1630,1100,0.7,0.65,0.0387505015943288
1631,1631,1631,1100,0.7,0.7,0.0351393186728049
1632,1632,1632,1100,0.7,0.75,0.0321806741534862
1633,1633,1633,1100,0.7,0.8,0.0297073141198244
1634,1634,1634,1100,0.7,0.85,0.0276165702510492
1635,1635,1635,1100,0.7,0.9,0.0258219469774775
1636,1636,1636,1100,0.7,0.95,0.0242807816235673
1637,1637,1637,1100,0.7,1.0,0.0229518287566046
1638,1638,1638,1100,0.75,0.0,0.7004293013215819
1639,1639,1639,1100,0.75,0.05,0.5638252071431243
1640,1640,1640,1100,0.75,0.1,0.3930145082194169
1641,1641,1641,1100,0.75,0.15,0.2724471392827376
1642,1642,1642,1100,0.75,0.2,0.1945746899007071
1643,1643,1643,1100,0.75,0.25,0.1440866256948004
1644,1644,1644,1100,0.75,0.3,0.1103927929810761
1645,1645,1645,1100,0.75,0.35,0.0872045635651763
1646,1646,1646,1100,0.75,0.4,0.0707116555296191
1647,1647,1647,1100,0.75,0.45,0.0586512676067394
1648,1648,1648,1100,0.75,0.5,0.0496251478955851
1649,1649,1649,1100,0.75,0.55,0.0426984158180768
1650,1650,1650,1100,0.75,0.6,0.0372704772904669
1651,1651,1651,1100,0.75,0.65,0.0329608697652328
1652,1652,1652,1100,0.75,0.7,0.0294856569119005
1653,1653,1653,1100,0.75,0.75,0.0266184962514236
1654,1654,1654,1100,0.75,0.8,0.0242360996753456
1655,1655,1655,1100,0.75,0.85,0.0222252150158923
1656,1656,1656,1100,0.75,0.9,0.0205003212528752
1657,1657,1657,1100,0.75,0.95,0.0190181058488559
1658,1658,1658,1100,0.75,1.0,0.0177441495605242
1659,1659,1659,1100,0.8,0.0,0.7662100437898648
1660,1660,1660,1100,0.8,0.05,0.5984409150649899
1661,1661,1661,1100,0.8,0.1,0.4041712666482654
1662,1662,1662,1100,0.8,0.15,0.2724922079085396
1663,1663,1663,1100,0.8,0.2,0.1899862728863059
1664,1664,1664,1100,0.8,0.25,0.1376678227623057
1665,1665,1665,1100,0.8,0.3,0.1034375411432919
1666,1666,1666,1100,0.8,0.35,0.0801997863168943
1667,1667,1667,1100,0.8,0.4,0.063921800132166
1668,1668,1668,1100,0.8,0.45,0.0521840327348469
1669,1669,1669,1100,0.8,0.5,0.0434846082339281
1670,1670,1670,1100,0.8,0.55,0.0368633668657061
1671,1671,1671,1100,0.8,0.6,0.0317070746082508
1672,1672,1672,1100,0.8,0.65,0.0276103466178694
1673,1673,1673,1100,0.8,0.7,0.0243041332992817
1674,1674,1674,1100,0.8,0.75,0.0215613445098725
1675,1675,1675,1100,0.8,0.8,0.0192894143677723
1676,1676,1676,1100,0.8,0.85,0.0173830014785236
1677,1677,1677,1100,0.8,0.9,0.0157681547626849
1678,1678,1678,1100,0.8,0.95,0.0143847337613789
1679,1679,1679,1100,0.8,1.0,0.0131925780360135
1680,1680,1680,1100,0.85,0.0,0.828533666795704
1681,1681,1681,1100,0.85,0.05,0.6243016300558984
1682,1682,1682,1100,0.85,0.1,0.408536402693701
1683,1683,1683,1100,0.85,0.15,0.2682557541118576
1684,1684,1684,1100,0.85,0.2,0.1826478529231388
1685,1685,1685,1100,0.85,0.25,0.1295945483930647
1686,1686,1686,1100,0.85,0.3,0.0955972842094216
1687,1687,1687,1100,0.85,0.35,0.0729501478022134
1688,1688,1688,1100,0.85,0.4,0.0572892074751619
1689,1689,1689,1100,0.85,0.45,0.046090686583762
1690,1690,1690,1100,0.85,0.5,0.0378309945498548
1691,1691,1691,1100,0.85,0.55,0.0315478667716261
1692,1692,1692,1100,0.85,0.6,0.0266621409500153
1693,1693,1693,1100,0.85,0.65,0.0227837712862464
1694,1694,1694,1100,0.85,0.7,0.0196558880320695
1695,1695,1695,1100,0.85,0.75,0.0170977233792325
1696,1696,1696,1100,0.85,0.8,0.0149762860472336
1697,1697,1697,1100,0.85,0.85,0.013200127371713
1698,1698,1698,1100,0.85,0.9,0.0117062768780133
1699,1699,1699,1100,0.85,0.95,0.0104341726852794
1700,1700,1700,1100,0.85,1.0,0.009340989256169
1701,1701,1701,1100,0.9,0.0,0.8879614469739702
1702,1702,1702,1100,0.9,0.05,0.6403586573889118
1703,1703,1703,1100,0.9,0.1,0.4062884189201278
1704,1704,1704,1100,0.9,0.15,0.2597082115939892
1705,1705,1705,1100,0.9,0.2,0.1729087799226834
1706,1706,1706,1100,0.9,0.25,0.1205804676670643
1707,1707,1707,1100,0.9,0.3,0.0876485093570433
1708,1708,1708,1100,0.9,0.35,0.065951916560662
1709,1709,1709,1100,0.9,0.4,0.0510387014730056
1710,1710,1710,1100,0.9,0.45,0.040427041903624
1711,1711,1711,1100,0.9,0.5,0.0326205146511612
1712,1712,1712,1100,0.9,0.55,0.0267093418125915
1713,1713,1713,1100,0.9,0.6,0.0221342780133427
1714,1714,1714,1100,0.9,0.65,0.018502189193586
1715,1715,1715,1100,0.9,0.7,0.0155910321070414
1716,1716,1716,1100,0.9,0.75,0.0132294987385277
1717,1717,1717,1100,0.9,0.8,0.0112833424010893
1718,1718,1718,1100,0.9,0.85,0.0096626746157171
1719,1719,1719,1100,0.9,0.9,0.0082992574712229
1720,1720,1720,1100,0.9,0.95,0.0071376963775362
1721,1721,1721,1100,0.9,1.0,0.0061454197896866
1722,1722,1722,1100,0.95,0.0,0.9449857629767509
1723,1723,1723,1100,0.95,0.05,0.6455247386417831
1724,1724,1724,1100,0.95,0.1,0.3971776746323834
1725,1725,1725,1100,0.95,0.15,0.2478647792636412
1726,1726,1726,1100,0.95,0.2,0.1620559848265575
1727,1727,1727,1100,0.95,0.25,0.1113065221664007
1728,1728,1728,1100,0.95,0.3,0.0797890742710435
1729,1729,1729,1100,0.95,0.35,0.0592041217940348
1730,1730,1730,1100,0.95,0.4,0.0451637762974133
1731,1731,1731,1100,0.95,0.45,0.0352178028437214
1732,1732,1732,1100,0.95,0.5,0.0279147685808248
1733,1733,1733,1100,0.95,0.55,0.0223961632651085
1734,1734,1734,1100,0.95,0.6,0.0181372887391998
1735,1735,1735,1100,0.95,0.65,0.01478837451859
1736,1736,1736,1100,0.95,0.7,0.0121172526276621
1737,1737,1737,1100,0.95,0.75,0.0099568928811466
1738,1738,1738,1100,0.95,0.8,0.0081824877246014
1739,1739,1739,1100,0.95,0.85,0.0067047937379559
1740,1740,1740,1100,0.95,0.9,0.0054670606379335
1741,1741,1741,1100,0.95,0.95,0.0044206736974176
1742,1742,1742,1100,0.95,1.0,0.0035286633205281
1743,1743,1743,1100,1.0,0.0,1.0
1744,1744,1744,1100,1.0,0.05,0.6382075346818622
1745,1745,1745,1100,1.0,0.1,0.3822949822832268
1746,1746,1746,1100,1.0,0.15,0.2335757387267911
1747,1747,1747,1100,1.0,0.2,0.150231247315427
1748,1748,1748,1100,1.0,0.25,0.1017767765593177
1749,1749,1749,1100,1.0,0.3,0.0720233788851933
1750,1750,1750,1100,1.0,0.35,0.0527230530012533
1751,1751,1751,1100,1.0,0.4,0.0396567660123181
1752,1752,1752,1100,1.0,0.45,0.0304537567001247
1753,1753,1753,1100,1.0,0.5,0.0237037988038676
1754,1754,1754,1100,1.0,0.55,0.0186125672518754
1755,1755,1755,1100,1.0,0.6,0.0147067215956901
1756,1756,1756,1100,1.0,0.65,0.0116537402108252
1757,1757,1757,1100,1.0,0.7,0.0092238886309893
1758,1758,1758,1100,1.0,0.75,0.0072604828597478
1759,1759,1759,1100,1.0,0.8,0.0056517574669562
1760,1760,1760,1100,1.0,0.85,0.0043150085417531
1761,1761,1761,1100,1.0,0.9,0.0031962078098754
1762,1762,1762,1100,1.0,0.95,0.0022501681589804
1763,1763,1763,1100,1.0,1.0,0.0014446127088648
1764,1764,1764,1200,0.0,0.0,0.0160823347524076
1765,1765,1765,1200,0.0,0.05,0.0204629221384133
1766,1766,1766,1200,0.0,0.1,0.0276228765252886
1767,1767,1767,1200,0.0,0.15,0.0352803720865643
1768,1768,1768,1200,0.0,0.2,0.0417648104775666
1769,1769,1769,1200,0.0,0.25,0.0465528606284302
1770,1770,1770,1200,0.0,0.3,0.0497738634093714
1771,1771,1771,1200,0.0,0.35,0.0514679466754465
1772,1772,1772,1200,0.0,0.4,0.0519895496646287
1773,1773,1773,1200,0.0,0.45,0.0518400494960271
1774,1774,1774,1200,0.0,0.5,0.0511893599774077
1775,1775,1775,1200,0.0,0.55,0.0504315608690204
1776,1776,1776,1200,0.0,0.6,0.0495906139146851
1777,1777,1777,1200,0.0,0.65,0.0487646898994979
1778,1778,1778,1200,0.0,0.7,0.0479597722659834
1779,1779,1779,1200,0.0,0.75,0.047092449416417
1780,1780,1780,1200,0.0,0.8,0.0463322785407721
1781,1781,1781,1200,0.0,0.85,0.0456528803540063
1782,1782,1782,1200,0.0,0.9,0.045029850698457
1783,1783,1783,1200,0.0,0.95,0.0444519751713352
1784,1784,1784,1200,0.0,1.0,0.0439063676136913
1785,1785,1785,1200,0.05,0.0,0.0240543297362014
1786,1786,1786,1200,0.05,0.05,0.0283320709775475
1787,1787,1787,1200,0.05,0.1,0.0346615881645971
1788,1788,1788,1200,0.05,0.15,0.0413169723570897
1789,1789,1789,1200,0.05,0.2,0.0469267229251922
1790,1790,1790,1200,0.05,0.25,0.0509836183181939
1791,1791,1791,1200,0.05,0.3,0.0537257091863867
1792,1792,1792,1200,0.05,0.35,0.0550644157950073
1793,1793,1793,1200,0.05,0.4,0.0553026840405824
1794,1794,1794,1200,0.05,0.45,0.0549693407777849
1795,1795,1795,1200,0.05,0.5,0.0541515103720114
1796,1796,1796,1200,0.05,0.55,0.0533534175376049
1797,1797,1797,1200,0.05,0.6,0.0523963876171504
1798,1798,1798,1200,0.05,0.65,0.0514706532175995
1799,1799,1799,1200,0.05,0.7,0.0506540197557078
1800,1800,1800,1200,0.05,0.75,0.0497401992743566
1801,1801,1801,1200,0.05,0.8,0.048880312293981
1802,1802,1802,1200,0.05,0.85,0.0481090782276222
1803,1803,1803,1200,0.05,0.9,0.0474165036977832
1804,1804,1804,1200,0.05,0.95,0.0467918050742838
1805,1805,1805,1200,0.05,1.0,0.0461995078075633
1806,1806,1806,1200,0.1,0.0,0.0342398800796861
1807,1807,1807,1200,0.1,0.05,0.0382666690764811
1808,1808,1808,1200,0.1,0.1,0.0433397655501687
1809,1809,1809,1200,0.1,0.15,0.0485938962043672
1810,1810,1810,1200,0.1,0.2,0.0529861970250675
1811,1811,1811,1200,0.1,0.25,0.0560385365774261
1812,1812,1812,1200,0.1,0.3,0.0580371664887182
1813,1813,1813,1200,0.1,0.35,0.0589287010970259
1814,1814,1814,1200,0.1,0.4,0.0587594652737062
1815,1815,1815,1200,0.1,0.45,0.0581149160079948
1816,1816,1816,1200,0.1,0.5,0.0570768105498233
1817,1817,1817,1200,0.1,0.55,0.05612690121031
1818,1818,1818,1200,0.1,0.6,0.0551240077568082
1819,1819,1819,1200,0.1,0.65,0.0541008698472975
1820,1820,1820,1200,0.1,0.7,0.0531942231784388
1821,1821,1821,1200,0.1,0.75,0.0523076149094179
1822,1822,1822,1200,0.1,0.8,0.0513731052845312
1823,1823,1823,1200,0.1,0.85,0.0504936627020813
1824,1824,1824,1200,0.1,0.9,0.0497060283661052
1825,1825,1825,1200,0.1,0.95,0.0490019488922984
1826,1826,1826,1200,0.1,1.0,0.0483578856306223
1827,1827,1827,1200,0.15,0.0,0.0472141539455303
1828,1828,1828,1200,0.15,0.05,0.0507272854666998
1829,1829,1829,1200,0.15,0.1,0.0539866070094463
1830,1830,1830,1200,0.15,0.15,0.0573172353827473
1831,1831,1831,1200,0.15,0.2,0.0600291912163612
1832,1832,1832,1200,0.15,0.25,0.06178047528739
1833,1833,1833,1200,0.15,0.3,0.0627732033507327
1834,1834,1834,1200,0.15,0.35,0.0630578480200421
1835,1835,1835,1200,0.15,0.4,0.0622787994090806
1836,1836,1836,1200,0.15,0.45,0.061286946401413
1837,1837,1837,1200,0.15,0.5,0.0599905545261009
1838,1838,1838,1200,0.15,0.55,0.0587416768142403
1839,1839,1839,1200,0.15,0.6,0.0576050396969981
1840,1840,1840,1200,0.15,0.65,0.0564327643651234
1841,1841,1841,1200,0.15,0.7,0.055392571907012
1842,1842,1842,1200,0.15,0.75,0.0544181175882519
1843,1843,1843,1200,0.15,0.8,0.0534745155198766
1844,1844,1844,1200,0.15,0.85,0.0525660185152557
1845,1845,1845,1200,0.15,0.9,0.0517187432627317
1846,1846,1846,1200,0.15,0.95,0.0509394823200916
1847,1847,1847,1200,0.15,1.0,0.0502325933332901
1848,1848,1848,1200,0.2,0.0,0.0636892662420899
1849,1849,1849,1200,0.2,0.05,0.0662638492840559
1850,1850,1850,1200,0.2,0.1,0.0669700288541556
1851,1851,1851,1200,0.2,0.15,0.0676818325283908
1852,1852,1852,1200,0.2,0.2,0.0682020534745818
1853,1853,1853,1200,0.2,0.25,0.0682236001212614
1854,1854,1854,1200,0.2,0.3,0.0679027197286379
1855,1855,1855,1200,0.2,0.35,0.0672379573885344
1856,1856,1856,1200,0.2,0.4,0.065816499566323
1857,1857,1857,1200,0.2,0.45,0.0642739917942547
1858,1858,1858,1200,0.2,0.5,0.0627171829469957
1859,1859,1859,1200,0.2,0.55,0.061147159727522
1860,1860,1860,1200,0.2,0.6,0.0597555394939635
1861,1861,1861,1200,0.2,0.65,0.0584136447708003
1862,1862,1862,1200,0.2,0.7,0.0571272124158853
1863,1863,1863,1200,0.2,0.75,0.0559906970948555
1864,1864,1864,1200,0.2,0.8,0.0549423169676772
1865,1865,1865,1200,0.2,0.85,0.0539809596145912
1866,1866,1866,1200,0.2,0.9,0.053116835298115
1867,1867,1867,1200,0.2,0.95,0.052318169604268
1868,1868,1868,1200,0.2,1.0,0.0515537287972705
1869,1869,1869,1200,0.25,0.0,0.0845366384431364
1870,1870,1870,1200,0.25,0.05,0.0854743546806565
1871,1871,1871,1200,0.25,0.1,0.0826680571090903
1872,1872,1872,1200,0.25,0.15,0.0798787747379053
1873,1873,1873,1200,0.25,0.2,0.0775730451543815
1874,1874,1874,1200,0.25,0.25,0.0753597023923562
1875,1875,1875,1200,0.25,0.3,0.0733529764048968
1876,1876,1876,1200,0.25,0.35,0.0714549486738344
1877,1877,1877,1200,0.25,0.4,0.069168269683339
1878,1878,1878,1200,0.25,0.45,0.066966861124974
1879,1879,1879,1200,0.25,0.5,0.0649000069749069
1880,1880,1880,1200,0.25,0.55,0.063028655122618
1881,1881,1881,1200,0.25,0.6,0.061314063052111
1882,1882,1882,1200,0.25,0.65,0.0597434439001241
1883,1883,1883,1200,0.25,0.7,0.0582916827798289
1884,1884,1884,1200,0.25,0.75,0.0569425976696822
1885,1885,1885,1200,0.25,0.8,0.0557356864773505
1886,1886,1886,1200,0.25,0.85,0.0546553218175215
1887,1887,1887,1200,0.25,0.9,0.0536956441897806
1888,1888,1888,1200,0.25,0.95,0.0528441640404066
1889,1889,1889,1200,0.25,1.0,0.0520636756061213
1890,1890,1890,1200,0.3,0.0,0.1106832489706706
1891,1891,1891,1200,0.3,0.05,0.109094088682547
1892,1892,1892,1200,0.3,0.1,0.1014906403192694
1893,1893,1893,1200,0.3,0.15,0.0941111875237818
1894,1894,1894,1200,0.3,0.2,0.0881349379301931
1895,1895,1895,1200,0.3,0.25,0.0831114082779498
1896,1896,1896,1200,0.3,0.3,0.0790117199052651
1897,1897,1897,1200,0.3,0.35,0.07555755499914
1898,1898,1898,1200,0.3,0.4,0.072151290215959
1899,1899,1899,1200,0.3,0.45,0.0690762913789789
1900,1900,1900,1200,0.3,0.5,0.0664692273874075
1901,1901,1901,1200,0.3,0.55,0.0641366463608849
1902,1902,1902,1200,0.3,0.6,0.0620437718534612
1903,1903,1903,1200,0.3,0.65,0.0601947087290644
1904,1904,1904,1200,0.3,0.7,0.0585278421101268
1905,1905,1905,1200,0.3,0.75,0.05704794974747
1906,1906,1906,1200,0.3,0.8,0.0556574649594862
1907,1907,1907,1200,0.3,0.85,0.0544242178042994
1908,1908,1908,1200,0.3,0.9,0.0533281326087035
1909,1909,1909,1200,0.3,0.95,0.0523611770703385
1910,1910,1910,1200,0.3,1.0,0.0515093043320205
1911,1911,1911,1200,0.35,0.0,0.1432546150862073
1912,1912,1912,1200,0.35,0.05,0.1379159518771385
1913,1913,1913,1200,0.35,0.1,0.1237334753015201
1914,1914,1914,1200,0.35,0.15,0.1103804830036346
1915,1915,1915,1200,0.35,0.2,0.0997857049963233
1916,1916,1916,1200,0.35,0.25,0.0913228535356128
1917,1917,1917,1200,0.35,0.3,0.0846153645656994
1918,1918,1918,1200,0.35,0.35,0.0793106686677991
1919,1919,1919,1200,0.35,0.4,0.0745968081023429
1920,1920,1920,1200,0.35,0.45,0.0705170392360518
1921,1921,1921,1200,0.35,0.5,0.0671441137078976
1922,1922,1922,1200,0.35,0.55,0.0642355959160334
1923,1923,1923,1200,0.35,0.6,0.061743062790727
1924,1924,1924,1200,0.35,0.65,0.0595654540711152
1925,1925,1925,1200,0.35,0.7,0.057648086144961
1926,1926,1926,1200,0.35,0.75,0.0559780875440501
1927,1927,1927,1200,0.35,0.8,0.0544898089607287
1928,1928,1928,1200,0.35,0.85,0.0531373586645503
1929,1929,1929,1200,0.35,0.9,0.0519088278107098
1930,1930,1930,1200,0.35,0.95,0.0508391732271288
1931,1931,1931,1200,0.35,1.0,0.0498948092561961
1932,1932,1932,1200,0.4,0.0,0.1835357472397026
1933,1933,1933,1200,0.4,0.05,0.1726147016251573
1934,1934,1934,1200,0.4,0.1,0.1494959925515818
1935,1935,1935,1200,0.4,0.15,0.1285408261331927
1936,1936,1936,1200,0.4,0.2,0.1122829915541355
1937,1937,1937,1200,0.4,0.25,0.099597886226355
1938,1938,1938,1200,0.4,0.3,0.0899581025007052
1939,1939,1939,1200,0.4,0.35,0.0824514159193147
1940,1940,1940,1200,0.4,0.4,0.0762065427845993
1941,1941,1941,1200,0.4,0.45,0.0710150324022391
1942,1942,1942,1200,0.4,0.5,0.0669024204793169
1943,1943,1943,1200,0.4,0.55,0.0633112492050815
1944,1944,1944,1200,0.4,0.6,0.060323173074359
1945,1945,1945,1200,0.4,0.65,0.0577933248544259
1946,1946,1946,1200,0.4,0.7,0.0556285146298855
1947,1947,1947,1200,0.4,0.75,0.0537529514369632
1948,1948,1948,1200,0.4,0.8,0.052086249438128
1949,1949,1949,1200,0.4,0.85,0.050627198690601
1950,1950,1950,1200,0.4,0.9,0.0493205213479652
1951,1951,1951,1200,0.4,0.95,0.0481431128498064
1952,1952,1952,1200,0.4,1.0,0.0471064911899176
1953,1953,1953,1200,0.45,0.0,0.232412279896752
1954,1954,1954,1200,0.45,0.05,0.2135363053965365
1955,1955,1955,1200,0.45,0.1,0.1786743300939167
1956,1956,1956,1200,0.45,0.15,0.1483042689483817
1957,1957,1957,1200,0.45,0.2,0.1251842049927896
1958,1958,1958,1200,0.45,0.25,0.1076589060781529
1959,1959,1959,1200,0.45,0.3,0.0946809073164044
1960,1960,1960,1200,0.45,0.35,0.0847939630389254
1961,1961,1961,1200,0.45,0.4,0.0769521358455986
1962,1962,1962,1200,0.45,0.45,0.0706507869685165
1963,1963,1963,1200,0.45,0.5,0.0655945256706281
1964,1964,1964,1200,0.45,0.55,0.0614160984340175
1965,1965,1965,1200,0.45,0.6,0.0579115598626501
1966,1966,1966,1200,0.45,0.65,0.0549860313576353
1967,1967,1967,1200,0.45,0.7,0.0525151181237627
1968,1968,1968,1200,0.45,0.75,0.0504001445245026
1969,1969,1969,1200,0.45,0.8,0.0485609862830379
1970,1970,1970,1200,0.45,0.85,0.0469397304688212
1971,1971,1971,1200,0.45,0.9,0.0455408888025285
1972,1972,1972,1200,0.45,0.95,0.044291937484005
1973,1973,1973,1200,0.45,1.0,0.0431995574254165
1974,1974,1974,1200,0.5,0.0,0.2903096937081298
1975,1975,1975,1200,0.5,0.05,0.2607328262398701
1976,1976,1976,1200,0.5,0.1,0.2108343906589823
1977,1977,1977,1200,0.5,0.15,0.1690667452481761
1978,1978,1978,1200,0.5,0.2,0.1378686281594309
1979,1979,1979,1200,0.5,0.25,0.1150973199757011
1980,1980,1980,1200,0.5,0.3,0.0986135124407272
1981,1981,1981,1200,0.5,0.35,0.0862470286642493
1982,1982,1982,1200,0.5,0.4,0.0768170969390815
1983,1983,1983,1200,0.5,0.45,0.0693239235669695
1984,1984,1984,1200,0.5,0.5,0.0633576379748943
1985,1985,1985,1200,0.5,0.55,0.0585774986756935
1986,1986,1986,1200,0.5,0.6,0.054547590963349
1987,1987,1987,1200,0.5,0.65,0.051244615371476
1988,1988,1988,1200,0.5,0.7,0.0484700152342936
1989,1989,1989,1200,0.5,0.75,0.0461068234241888
1990,1990,1990,1200,0.5,0.8,0.0441272062703166
1991,1991,1991,1200,0.5,0.85,0.0424373629430186
1992,1992,1992,1200,0.5,0.9,0.0409622490271086
1993,1993,1993,1200,0.5,0.95,0.0396528685893324
1994,1994,1994,1200,0.5,1.0,0.0384832487701293
1995,1995,1995,1200,0.55,0.0,0.3575737987251652
1996,1996,1996,1200,0.55,0.05,0.3136559477793233
1997,1997,1997,1200,0.55,0.1,0.2449999593239815
1998,1998,1998,1200,0.55,0.15,0.1896830750488317
1999,1999,1999,1200,0.55,0.2,0.1497163530404817
2000,2000,2000,1200,0.55,0.25,0.1215551571231676
2001,2001,2001,1200,0.55,0.3,0.1014896972196453
2002,2002,2002,1200,0.55,0.35,0.0867634044267175
2003,2003,2003,1200,0.55,0.4,0.0757360863829699
2004,2004,2004,1200,0.55,0.45,0.067014400645615
2005,2005,2005,1200,0.55,0.5,0.0602049538589687
2006,2006,2006,1200,0.55,0.55,0.0548238513077294
2007,2007,2007,1200,0.55,0.6,0.0504572521798673
2008,2008,2008,1200,0.55,0.65,0.046848591124197
2009,2009,2009,1200,0.55,0.7,0.0438453233583555
2010,2010,2010,1200,0.55,0.75,0.0413361182081594
2011,2011,2011,1200,0.55,0.8,0.039221179403981
2012,2012,2012,1200,0.55,0.85,0.0374369026287899
2013,2013,2013,1200,0.55,0.9,0.0359208177004503
2014,2014,2014,1200,0.55,0.95,0.0345729974620936
2015,2015,2015,1200,0.55,1.0,0.0333807791296683
2016,2016,2016,1200,0.6,0.0,0.4330160456316391
2017,2017,2017,1200,0.6,0.05,0.3706471965560178
2018,2018,2018,1200,0.6,0.1,0.2797401509963571
2019,2019,2019,1200,0.6,0.15,0.2092131811516457
2020,2020,2020,1200,0.6,0.2,0.1601832846806428
2021,2021,2021,1200,0.6,0.25,0.1264992739792691
2022,2022,2022,1200,0.6,0.3,0.1030321818879321
2023,2023,2023,1200,0.6,0.35,0.0861287121541174
2024,2024,2024,1200,0.6,0.4,0.0735042935120216
2025,2025,2025,1200,0.6,0.45,0.0638619843807944
2026,2026,2026,1200,0.6,0.5,0.0564276246362175
2027,2027,2027,1200,0.6,0.55,0.0505969485103614
2028,2028,2028,1200,0.6,0.6,0.045902329014561
2029,2029,2029,1200,0.6,0.65,0.0420731253716419
2030,2030,2030,1200,0.6,0.7,0.0389336094767611
2031,2031,2031,1200,0.6,0.75,0.0363176834684924
2032,2032,2032,1200,0.6,0.8,0.0341317648677017
2033,2033,2033,1200,0.6,0.85,0.032286945103493
2034,2034,2034,1200,0.6,0.9,0.0307108977104217
2035,2035,2035,1200,0.6,0.95,0.0293280178463465
2036,2036,2036,1200,0.6,1.0,0.0281290890497607
2037,2037,2037,1200,0.65,0.0,0.5143159590259468
2038,2038,2038,1200,0.65,0.05,0.429746921450767
2039,2039,2039,1200,0.65,0.1,0.3132340109438259
2040,2040,2040,1200,0.65,0.15,0.2267094556639464
2041,2041,2041,1200,0.65,0.2,0.168557290798331
2042,2042,2042,1200,0.65,0.25,0.1297515723182123
2043,2043,2043,1200,0.65,0.3,0.1030689858455874
2044,2044,2044,1200,0.65,0.35,0.0841775209332183
2045,2045,2045,1200,0.65,0.4,0.0703913410125826
2046,2046,2046,1200,0.65,0.45,0.0601354630013228
2047,2047,2047,1200,0.65,0.5,0.0522171266028525
2048,2048,2048,1200,0.65,0.55,0.0460244192931648
2049,2049,2049,1200,0.65,0.6,0.0411380240880526
2050,2050,2050,1200,0.65,0.65,0.0372116086206264
2051,2051,2051,1200,0.65,0.7,0.0339889109667877
2052,2052,2052,1200,0.65,0.75,0.0313229165137978
2053,2053,2053,1200,0.65,0.8,0.0291006490938376
2054,2054,2054,1200,0.65,0.85,0.0272301411543458
2055,2055,2055,1200,0.65,0.9,0.0256185418838898
2056,2056,2056,1200,0.65,0.95,0.0242343459965811
2057,2057,2057,1200,0.65,1.0,0.023044668293611
2058,2058,2058,1200,0.7,0.0,0.5978580466985314
2059,2059,2059,1200,0.7,0.05,0.487383524635199
2060,2060,2060,1200,0.7,0.1,0.3434137240811353
2061,2061,2061,1200,0.7,0.15,0.2409483047996642
2062,2062,2062,1200,0.7,0.2,0.1743582964023123
2063,2063,2063,1200,0.7,0.25,0.1309190718972382
2064,2064,2064,1200,0.7,0.3,0.101597128638869
2065,2065,2065,1200,0.7,0.35,0.0812017153100716
2066,2066,2066,1200,0.7,0.4,0.0666194544048764
2067,2067,2067,1200,0.7,0.45,0.0558569170255793
2068,2068,2068,1200,0.7,0.5,0.0476923971863906
2069,2069,2069,1200,0.7,0.55,0.041377665567916
2070,2070,2070,1200,0.7,0.6,0.0364077225146728
2071,2071,2071,1200,0.7,0.65,0.0324585735671405
2072,2072,2072,1200,0.7,0.7,0.0292620814558638
2073,2073,2073,1200,0.7,0.75,0.0266331534812443
2074,2074,2074,1200,0.7,0.8,0.024441711623625
2075,2075,2075,1200,0.7,0.85,0.0225795684116452
2076,2076,2076,1200,0.7,0.9,0.0209860203879835
2077,2077,2077,1200,0.7,0.95,0.0196271865898637
2078,2078,2078,1200,0.7,1.0,0.0184440747709501
2079,2079,2079,1200,0.75,0.0,0.6785514369508917
2080,2080,2080,1200,0.75,0.05,0.5392799816863356
2081,2081,2081,1200,0.75,0.1,0.3680449677318229
2082,2082,2082,1200,0.75,0.15,0.2509137412097538
2083,2083,2083,1200,0.75,0.2,0.1771067996632015
2084,2084,2084,1200,0.75,0.25,0.1298348384516812
2085,2085,2085,1200,0.75,0.3,0.0986873336780098
2086,2086,2086,1200,0.75,0.35,0.0773764131437358
2087,2087,2087,1200,0.75,0.4,0.062315670488818
2088,2088,2088,1200,0.75,0.45,0.0512758364990169
2089,2089,2089,1200,0.75,0.5,0.0430511071214093
2090,2090,2090,1200,0.75,0.55,0.0367730517087024
2091,2091,2091,1200,0.75,0.6,0.0318816484659756
2092,2092,2092,1200,0.75,0.65,0.028013733493857
2093,2093,2093,1200,0.75,0.7,0.024907919431228
2094,2094,2094,1200,0.75,0.75,0.0223679869944215
2095,2095,2095,1200,0.75,0.8,0.0202255792756953
2096,2096,2096,1200,0.75,0.85,0.0183852426864419
2097,2097,2097,1200,0.75,0.9,0.0168128382303227
2098,2098,2098,1200,0.75,0.95,0.0154706029096521
2099,2099,2099,1200,0.75,1.0,0.0143161338470289
2100,2100,2100,1200,0.8,0.0,0.7528135858942645
2101,2101,2101,1200,0.8,0.05,0.5814106227410356
2102,2102,2102,1200,0.8,0.1,0.3854161627624546
2103,2103,2103,1200,0.8,0.15,0.2561423177441778
2104,2104,2104,1200,0.8,0.2,0.176471200165338
2105,2105,2105,1200,0.8,0.25,0.1267301659691211
2106,2106,2106,1200,0.8,0.3,0.0945343614828469
2107,2107,2107,1200,0.8,0.35,0.0727967381393754
2108,2108,2108,1200,0.8,0.4,0.0576192060686068
2109,2109,2109,1200,0.8,0.45,0.0466938839664905
2110,2110,2110,1200,0.8,0.5,0.0386196049164487
2111,2111,2111,1200,0.8,0.55,0.0324961974421933
2112,2112,2112,1200,0.8,0.6,0.0277625825826832
2113,2113,2113,1200,0.8,0.65,0.0240098699166944
2114,2114,2114,1200,0.8,0.7,0.0209861760100196
2115,2115,2115,1200,0.8,0.75,0.0184609541565223
2116,2116,2116,1200,0.8,0.8,0.0163581750653621
2117,2117,2117,1200,0.8,0.85,0.0145929523259444
2118,2118,2118,1200,0.8,0.9,0.0131039678748301
2119,2119,2119,1200,0.8,0.95,0.0118387844116635
2120,2120,2120,1200,0.8,1.0,0.0107516954904923
2121,2121,2121,1200,0.85,0.0,0.8211971592102644
2122,2122,2122,1200,0.85,0.05,0.6130307881384802
2123,2123,2123,1200,0.85,0.1,0.3953408651154916
2124,2124,2124,1200,0.85,0.15,0.2564034798493427
2125,2125,2125,1200,0.85,0.2,0.1729700278268082
2126,2126,2126,1200,0.85,0.25,0.1218541469996882
2127,2127,2127,1200,0.85,0.3,0.0893206864050751
2128,2128,2128,1200,0.85,0.35,0.0677704905802013
2129,2129,2129,1200,0.85,0.4,0.0528989371175235
2130,2130,2130,1200,0.85,0.45,0.0422834942238582
2131,2131,2131,1200,0.85,0.5,0.0344695707201147
2132,2132,2132,1200,0.85,0.55,0.0285586539215646
2133,2133,2133,1200,0.85,0.6,0.0239939478953193
2134,2134,2134,1200,0.85,0.65,0.0203226900184892
2135,2135,2135,1200,0.85,0.7,0.0173604209678533
2136,2136,2136,1200,0.85,0.75,0.014937245261294
2137,2137,2137,1200,0.85,0.8,0.0129375199432467
2138,2138,2138,1200,0.85,0.85,0.0112733730978872
2139,2139,2139,1200,0.85,0.9,0.0098732085779298
2140,2140,2140,1200,0.85,0.95,0.008685100825109
2141,2141,2141,1200,0.85,1.0,0.0076696679153461
2142,2142,2142,1200,0.9,0.0,0.8846695923795084
2143,2143,2143,1200,0.9,0.05,0.6336000944906925
2144,2144,2144,1200,0.9,0.1,0.3978886421490303
2145,2145,2145,1200,0.9,0.15,0.2521601808027018
2146,2146,2146,1200,0.9,0.2,0.1667724048283893
2147,2147,2147,1200,0.9,0.25,0.1156736628860323
2148,2148,2148,1200,0.9,0.3,0.0836869144034997
2149,2149,2149,1200,0.9,0.35,0.0626946528593602
2150,2150,2150,1200,0.9,0.4,0.0483164954624371
2151,2151,2151,1200,0.9,0.45,0.0380781372610702
2152,2152,2152,1200,0.9,0.5,0.0305561647872535
2153,2153,2153,1200,0.9,0.55,0.0248748968000723
2154,2154,2154,1200,0.9,0.6,0.0204517496789682
2155,2155,2155,1200,0.9,0.65,0.0169623988097877
2156,2156,2156,1200,0.9,0.7,0.0141697514268231
2157,2157,2157,1200,0.9,0.75,0.0119031740871775
2158,2158,2158,1200,0.9,0.8,0.0100385203280346
2159,2159,2159,1200,0.9,0.85,0.0084888507315358
2160,2160,2160,1200,0.9,0.9,0.0071886768563334
2161,2161,2161,1200,0.9,0.95,0.0060807682217376
2162,2162,2162,1200,0.9,1.0,0.0051331236545961
2163,2163,2163,1200,0.95,0.0,0.9440536913785196
2164,2164,2164,1200,0.95,0.05,0.6423954662089973
2165,2165,2165,1200,0.95,0.1,0.3930535071610404
2166,2166,2166,1200,0.95,0.15,0.2441459346742035
2167,2167,2167,1200,0.95,0.2,0.1590825028530976
2168,2168,2168,1200,0.95,0.25,0.1089816099580454
2169,2169,2169,1200,0.95,0.3,0.0779235947057332
2170,2170,2170,1200,0.95,0.35,0.0576869530588156
2171,2171,2171,1200,0.95,0.4,0.0439157616185424
2172,2172,2172,1200,0.95,0.45,0.034135189634046
2173,2173,2173,1200,0.95,0.5,0.0269662347215034
2174,2174,2174,1200,0.95,0.55,0.0215509835215013
2175,2175,2175,1200,0.95,0.6,0.0173728818901003
2176,2176,2176,1200,0.95,0.65,0.0140926304305142
2177,2177,2177,1200,0.95,0.7,0.0114771770258791
2178,2178,2178,1200,0.95,0.75,0.0093625983509661
2179,2179,2179,1200,0.95,0.8,0.0076273880325532
2180,2180,2180,1200,0.95,0.85,0.0061817961654527
2181,2181,2181,1200,0.95,0.9,0.0049713786327093
2182,2182,2182,1200,0.95,0.95,0.0039484235560974
2183,2183,2183,1200,0.95,1.0,0.0030766853256362
2184,2184,2184,1200,1.0,0.0,1.0
2185,2185,2185,1200,1.0,0.05,0.6382075346818622
2186,2186,2186,1200,1.0,0.1,0.3822949822832268
2187,2187,2187,1200,1.0,0.15,0.2335757387267911
2188,2188,2188,1200,1.0,0.2,0.150231247315427
2189,2189,2189,1200,1.0,0.25,0.1017767765593177
2190,2190,2190,1200,1.0,0.3,0.0720233788851933
2191,2191,2191,1200,1.0,0.35,0.0527230530012533
2192,2192,2192,1200,1.0,0.4,0.0396567660123181
2193,2193,2193,1200,1.0,0.45,0.0304537567001247
2194,2194,2194,1200,1.0,0.5,0.0237037988038676
2195,2195,2195,1200,1.0,0.55,0.0186125672518754
2196,2196,2196,1200,1.0,0.6,0.0147067215956901
2197,2197,2197,1200,1.0,0.65,0.0116537402108252
2198,2198,2198,1200,1.0,0.7,0.0092238886309893
2199,2199,2199,1200,1.0,0.75,0.0072604828597478
2200,2200,2200,1200,1.0,0.8,0.0056517574669562
2201,2201,2201,1200,1.0,0.85,0.0043150085417531
2202,2202,2202,1200,1.0,0.9,0.0031962078098754
2203,2203,2203,1200,1.0,0.95,0.0022501681589804
2204,2204,2204,1200,1.0,1.0,0.0014446127088648
